Baseline,,Synthesized,,Commercial,
X,Y,X,Y,X,Y
3.8018936022728482,0.9477177410638256,1.226567551457677,0.04056935779547266,-2.6060973237786342,0.9997747739431225
6.672608426675872,0.9335056679809043,1.2291377015118599,0.027775150825773087,0.1742624476086263,0.007729522493215013
9.653361369926266,0.920608697844872,5.335523557518144,1.0004958438194338,0.3654244971938283,1.0328303305065942
13.29577802670773,0.9084589131654234,8.315826724509051,0.9898378599030987,1.3608578917884913,1.0193266193358275
17.269444189638534,0.8946036625816907,8.975926930090516,0.9983681879329165,1.363428041842667,1.006532412366128
20.911860846420012,0.8824538779022422,22.214627073048746,0.9863019045730058,1.129880954181445,0.9925194035243077
24.223370683726017,0.8703036648644511,30.15553402377492,0.9905769208297891,1.5484788457435101,0.0853495105477633
27.53518037187169,0.856660794346862,34.78908621311601,0.9863181821900157,1.551048995797693,0.07255530357806372
31.177704118238736,0.8439779177103426,39.090874866296915,0.9863237508484664,1.5536191458518687,0.05976109660836415
35.150656350598965,0.8336766135070819,42.39994306105146,0.98632803443189,1.2248541180882242,0.049098829108605635
39.123323010730914,0.8247968878560101,52.98724785089655,0.9948712132119786,0.5657534153056218,0.03559297614612689
43.09559700904906,0.8178718327141978,70.85926815576043,0.9797012237859481,0.5683235653598047,0.022798769176427314
47.06733555943924,0.8136122373577397,71.19304854578257,0.9653970179628903,1.6989182955814073,0.9837165049618395
51.039216895943525,0.8086418527251871,71.19561869583676,0.9526028109931908,4.342446133806483,1.0022715319346427
55.01106253591931,0.8038491654116582,71.19818884589093,0.9398086040234913,5.668191405734433,0.9917298711059449
58.98244412102419,0.8013665432454361,71.20075899594511,0.9270143970537918,9.308136672857316,0.9918826641468972
62.95403988530023,0.7978177371650723,71.20332914599929,0.9142201900840923,13.278643693013208,0.9937536262967535
66.92559995304778,0.7944466284037324,71.20589929605346,0.9014259831143927,17.250275153817796,0.990027122897366
69.90461804501159,0.7901857479722469,71.20846944610764,0.8886317761446932,21.22117840544037,0.9899256448060603
72.35911134675186,0.10250012185929491,71.21103959616183,0.8758375691749938,25.191917453031692,0.9906415743822631
72.03063189121646,0.09041627580734746,71.21360974621601,0.8630433622052942,29.163063441048266,0.9893317545215967
71.86821268640381,0.0753117895111699,71.21617989627018,0.8502491552355946,33.13375251349967,0.9902964603444326
72.36639343857203,0.0662498687784796,71.05363575360767,0.8357666095559998,37.10445586456247,0.991190087239659
76.8493776705725,0.8115184217802691,71.2278883576281,0.7919644345958525,41.07537339479644,0.9910175302207437
80.82190154459035,0.8033494854052917,71.39877477900812,0.6001936592489157,45.04618383544485,0.9913780651588993
84.79371148803757,0.7987344954107864,71.30684907873703,0.3988979649156399,49.017029972621756,0.9915609027780312
88.76534294884216,0.795007992011399,71.47853510235612,0.20314676962257427,52.98798462724541,0.9912035405473314
93.06809540829339,0.7902157330562125,71.98018555709749,1.0004399573343667,54.312695651753415,0.9858103633751443
94.06424273345867,0.7731580755049735,71.55229840891104,0.8243057750164908,57.2234591254451,0.9918700575608815
94.38808164028511,0.8083425730299896,71.55486855896523,0.8115115680467914,60.92981112054653,0.9909010738660666
95.19182467667234,0.10181888930882366,71.56257900912776,0.7731289471376928,64.90064297911204,0.9911549904128081
95.19439482672651,0.0890246823391243,71.56514915918193,0.7603347401679933,68.72104447422873,0.9914991763408967
95.06514483622418,0.07352930477692876,71.56771930923611,0.7475405331982938,72.33253365869159,0.9835559328901213
101.33948082015264,0.7966235454996213,71.5702894592903,0.7347463262285943,72.18505507363834,0.9689522494183895
105.31168342541373,0.7900538849958563,71.57285960934446,0.7219521192588948,73.17138585345778,1.0007613545986418
109.28352906538952,0.7852611976823274,71.57542975939865,0.7091579122891953,73.91757078734199,0.11011774064963475
113.25530331230821,0.7808239050068456,71.57799990945283,0.6963637053194958,76.29330734813635,0.9910935821847279
117.22718464881252,0.7758535203742931,71.58057005950701,0.6835694983497962,74.9992979899065,0.13768761789270756
119.56716348702774,0.10913603512001213,71.58314020956118,0.6707752913800967,75.00186813996068,0.12489341092300799
119.01097587599786,0.1324136699815337,71.58571035961536,0.6579810844103973,75.14965176807593,1.0364810858724405
119.68064275122542,0.09332111651302544,71.58828050966954,0.6451868774406978,75.1522219181301,1.023686878902741
119.55160693989426,0.07675955503668863,71.59085065972371,0.6323926704709982,76.81018288224627,1.0066300780681867
120.34723972499937,0.06951053248054717,71.5934208097779,0.6195984635012988,78.13599478769414,0.9957567155773115
125.82947688014723,0.7822617611760443,71.60113125994043,0.5812158425922003,81.59560757478879,0.9951020983585124
129.80100125136624,0.7790683497337276,71.60370140999461,0.5684216356225007,85.41665160741904,0.9922477325441762
133.77277549828494,0.774631057058246,71.60627156004878,0.5556274286528012,89.38760483418154,0.9918974782062373
137.7444783521466,0.7705491590208114,71.60884171010296,0.5428332216831017,93.26819716667818,0.9921125076038257
141.6059503259068,0.7661117235592155,71.61141186015715,0.5300390147134022,96.27242998834016,0.9821330355134603
142.83541016154584,0.13670924743875035,71.61398201021132,0.5172448077437027,96.81188890804519,1.0221641039373077
142.8379803116,0.123915040469051,71.6165521602655,0.5044506007740032,96.66509180217297,1.0041680171023981
143.50309230978712,0.10749666490795473,71.61912231031968,0.4916563938043037,98.42286026005972,1.0393543708468975
143.8363229732699,0.09592899779786035,71.62169246037386,0.47886218683460413,98.62994296136945,0.11831365544097472
143.50821833128407,0.08197932989616508,71.62426261042803,0.46606797986490467,99.92886620172668,0.9943227309516073
143.51078848133824,0.0691851229264655,71.62683276048222,0.4532737728952052,98.82180466291386,0.9752061384307759
143.3482086421472,0.05488027456589406,71.6294029105364,0.44047956592550563,98.83331679336489,0.0942714651920864
143.84633584952263,0.046084899811739355,71.63197306059057,0.42768535895580617,100.49255518325201,1.0121439678451327
148.99466767679854,0.7737622749468767,71.63454321064475,0.4148911519861066,100.6368660490917,0.9997307244269162
152.96654901330282,0.768791890314324,71.7517706103381,0.3804180148816414,99.31987832549648,0.9666773096551564
156.9381804741074,0.7650653869149368,71.64482381086147,0.36371432410730864,104.606998255698,1.0034675084265203
160.9094906661552,0.7629381593867619,71.64739396091564,0.35092011713760907,104.60914004740981,0.992805669285104
164.5500511034531,0.7600286352965407,71.64996411096982,0.3381259101679096,108.42906450709977,0.9955245375674173
167.55004447558127,0.10226795163773428,71.652534261024,0.32533170319821003,112.03958014987542,0.9924275846354674
167.33136754180498,0.09267201083823129,71.65510441107818,0.31253749622851057,115.86029317833204,0.9912209575975319
167.33393769185915,0.07987780386853172,71.65767456113235,0.299743289258811,119.8302540416014,0.9958106887284494
167.33557973217154,0.07170372719344598,71.66024471118654,0.28694908228911153,120.33941028640838,0.10848547778639106
173.48287891036654,0.7682853565744798,71.66281486124072,0.2741548753194121,120.49528036812005,0.9798187867330097
177.45415340588585,0.7663358263653285,71.66538501129489,0.2613606683497125,121.44594317663204,0.09101333594354455
181.4256063840478,0.7634978095610592,71.66795516134907,0.24856646138001304,119.68360556309342,0.07857223903406618
185.3971307552668,0.7603043981187427,71.67052531140325,0.23577225441031346,121.14698475019115,1.030143524197179
189.3684766438431,0.7579994732715443,71.67309546145742,0.222978047440614,121.34869869360993,1.0143642592828885
193.34000101506211,0.7548060618292276,71.68080591161996,0.1845954265315155,123.9987161607218,1.0006139136572005
197.31170386892376,0.7507241637917932,71.68337606167414,0.17180121956181593,122.98571293478456,0.11322749982709279
201.28287127485748,0.7493077255397127,71.68594621172832,0.15900701259211647,123.46133348092168,1.0400975725708974
205.2543956460765,0.7461143140973961,71.68851636178249,0.14621280562241679,123.47218522559486,0.9860775875877218
209.2258129277099,0.7434539946121503,71.69108651183667,0.1334185986527172,123.31940408348537,0.09936753730159409
213.19705172670064,0.7416821617220227,71.69451337857558,0.11635965602645126,123.21202892566636,0.08479621435554452
217.16832622221995,0.7397326315128714,72.17277546782393,1.0300801271625093,123.79509602267954,1.0258822154073515
221.13981489691042,0.7367169173895786,73.16856582770389,1.0147994428015066,123.46633099491591,1.015219947907593
225.11126787507231,0.7338789005853092,77.4718894316116,1.0071640267419422,127.50705665634366,0.9969934289475479
229.08243528100604,0.7324624623332288,79.46113202875279,0.9882418324159825,130.6846188399927,0.9927328055310681
233.0534599008256,0.7317568133572427,79.1329559937099,0.9746475591523345,134.3909144345791,0.9920445836003106
236.6937776017295,0.730055631036382,79.13641855697733,0.9574109192070448,138.3618676613416,0.9916943292623717
240.12988617187034,0.0976529259467005,81.44402064381562,1.0009497608762243,142.22223899213878,0.9927358944706702
244.30182870252247,0.7440324925535118,85.41540222892048,0.9984671387100024,143.5918481583247,0.9834737114533881
248.2734958598556,0.7401282918351008,89.38642684874004,0.9977614897340162,144.32315222936552,0.9670021123682533
252.24509162413165,0.7365794857547371,93.35748716508816,0.9968781434390066,144.64218670796572,0.12760055776340762
256.216437512708,0.7342745609075385,95.16777949505432,0.8804176336859852,144.49522734514562,0.11041218601496872
260.18774770475585,0.7321473333793637,95.03890074844871,0.8630742040059444,144.3872310677301,0.0989327964199298
264.9492094799529,0.09115467634826002,95.04147089850291,0.8502799970362449,144.83241675364235,1.0204262152006733
265.0641790742167,0.06792089467203821,95.04404104855708,0.8374857900665453,145.1751034275328,1.0088509447300023
264.62475480800936,0.059035457576401384,95.37769650072936,0.8238035248600701,144.16910386049318,0.08660031690746339
268.79021841873316,0.7376670875859969,95.38026665078353,0.8110093178903707,145.63323267469008,1.0344399583710806
272.7619212725948,0.7335851895485623,95.38284750979626,0.7981618017249641,146.30261397768942,0.9967689834547611
276.73348134034234,0.7302140807872222,95.38540695089189,0.7854209039509716,146.3053269138577,0.9832639872089672
280.7045059601619,0.7295084318112361,95.38797710094606,0.7726266969812722,146.6388038833873,0.97047020859761
284.6755305799815,0.7288027828352501,95.39054725100023,0.7598324900115727,146.80629199525129,0.13671438773885858
289.103649247631,0.09993753946916528,95.39311740105443,0.7470382830418731,146.80982595157576,0.11912235315552189
289.1062193976852,0.08714333249946571,95.3956875511086,0.7342440760721736,148.9477981348383,1.007078854824869
289.1087895477394,0.07434912552976636,95.39825770116279,0.7214498691024741,150.60430446541682,0.9972632197405268
289.11218071794974,0.057467880222523915,95.40082785121696,0.7086556621327746,153.91311386033954,0.9985558088868716
292.6169015855786,0.7307677339447265,95.40339800127113,0.6958614551630751,156.56136791894204,0.9935837108209495
296.58874722555436,0.7259750466311975,95.40596815132533,0.6830672481933756,159.86993636229715,0.9960757568707036
300.56052147247306,0.7215377539557157,95.4085383013795,0.6702730412236761,162.5180476347855,0.991814448080876
304.53218862980617,0.7176335532373048,95.41110845143366,0.6574788342539767,166.15780846984433,0.9928853439367836
308.5036059114396,0.7149732337520591,95.41367860148786,0.6446846272842771,167.81485917248295,0.9803598247373313
312.8044307583502,0.7197766300241472,95.41624875154203,0.6318904203145776,168.8212549709893,0.08865797904083861
312.26612710811395,0.10494304948579147,95.4188189015962,0.6190962133448781,169.00116547478177,1.0050435244397424
312.2686972581681,0.0921488425160919,95.42135692477471,0.6064619339622999,171.6507760014684,0.9933189282509235
312.2710532290511,0.08042081946053403,95.42394849274599,0.5935611086011862,170.7940378988252,0.9752993063702399
316.1141557692297,0.7165112829375365,95.42652935175873,0.5807135924357796,170.79660804887936,0.9625050994005404
322.4024419565078,0.7112595811029427,95.42909950181293,0.5679193854660801,170.79917819893353,0.9497108924308408
326.37400202425533,0.7078884723416026,95.4316696518671,0.5551251784963805,170.8017483489877,0.9369166854611414
330.34584766423114,0.7030957850280736,95.43423980192127,0.5423309715266811,170.80431849904187,0.9241224784914419
333.3247229700808,0.6995456938726828,95.43680995197546,0.5295367645569815,170.80688864909604,0.9113282715217423
336.42473444549796,0.09297975061069086,95.43938010202963,0.516742557587282,170.80945879915026,0.8985340645520428
336.7582292632918,0.08009712333982177,95.4419502520838,0.5039483506175826,170.8782745668509,0.8854200880797694
336.76079941334604,0.06730291637012242,95.444520402138,0.491154143647883,169.8218786408322,0.8729443655376168
336.7633695634002,0.05450870940042285,95.44709055219217,0.47835993667818355,171.0819304014217,0.09125528701392271
336.6009503585875,0.039404223104245295,95.44966070224633,0.465565729708484,170.86468132878656,0.07455145345347547
340.2739089651795,0.698843900121778,95.45223085230053,0.4527715227387845,171.44267951874843,1.0408704738066346
344.24621866002616,0.6917411476609421,95.4548010023547,0.43997731576908494,171.4452496688026,1.0280762668369352
343.2559969585969,0.6793010502542629,95.45737115240887,0.4271831087993855,171.44781981885677,1.0152820598672356
343.258495715594,0.6668622379226106,95.45994130246306,0.414388901829686,173.1053524246306,1.0003576268609646
348.2177430312451,0.6885477362186256,95.46251145251723,0.40159469485998645,175.68842462213684,0.9904099181907132
352.18976715386356,0.6828665623099788,95.46518869215701,0.38826739593321613,176.08929663753162,0.971574516404222
356.1620054556532,0.6761192044871901,95.46775884221118,0.37547318896351667,176.09170615320738,0.9595799473701287
360.13374400604334,0.671859609130732,95.47032899226535,0.3626789819938171,179.3943489728265,0.9915697483778011
364.10623218353265,0.6638683700747782,95.47289914231955,0.34988477502411763,183.3655520752887,0.989975612806697
368.078184913094,0.6585425908041784,95.47546929237372,0.33709056805441806,187.33645532691128,0.9898741347153912
372.0492809259706,0.6574815471901451,95.47803944242789,0.3242963610847186,191.97025382229924,0.9843892845743549
376.02084099371814,0.6541104384288049,95.48060959248208,0.31150215411501914,195.9412784421188,0.9836836355983689
379.9925081510513,0.650206237710394,95.48317974253625,0.29870794714531956,200.24368583512756,0.9806091173937439
383.9644251840841,0.6450581557588179,95.48574989259042,0.2859137401756201,203.55260826905726,0.9813389983631805
387.93641361017404,0.6395546791691945,95.48832004264462,0.27311953320592053,208.0531391296568,0.9803586039160557
391.9079736779215,0.6361835704078543,95.49089019269879,0.26032532623622107,211.8256267970968,0.9796171584612594
395.8791053873267,0.6349448294747975,95.49346034275298,0.2475311192665215,215.79674422789054,0.978449496455812
399.85055836548867,0.6321068126705282,95.49603049280715,0.23473691229682203,222.15039075890763,0.9772849186304295
403.8226181846356,0.6262479414428576,95.49860064286132,0.22194270532712257,226.4964359681603,0.9766152945910362
406.4706937605954,0.6221643299720536,95.50117079291552,0.209148498357423,230.5073952679884,0.9767820298306621
406.9003371779856,0.13065397391110656,95.50374094296969,0.19635429138772353,234.1778421370273,0.9748482645065654
407.2339212371008,0.1173271033426786,95.50631109302385,0.18356008441802396,238.6297098132793,0.9765125361842405
406.9054774780939,0.10506555997170741,95.50888124307805,0.1707658774483245,240.28859293771586,0.9548652212749098
407.9011964449168,0.09014027024875171,95.51145139313222,0.15797167047862493,241.5959247503436,1.0359857608425547
407.903766594971,0.07734606327905214,95.3156916306723,0.14411102257977837,241.59899465179723,1.0207037914065247
407.84015538113005,0.06455177063768436,95.67717252683393,0.9802664426186962,241.6015648018514,1.0079095844368253
412.4238038235859,0.6381647991343405,95.34953193971897,0.964006709569694,242.39995193109792,0.9869494367448225
413.50728270580043,0.5981842945186423,95.35210208977317,0.9512125025999945,242.15964432889336,0.9752139916670526
416.3952211052193,0.6355044796490948,95.35467223982734,0.938418295630295,242.11082932612828,0.9436726461473057
415.40539206560385,0.6211097117331558,95.3572423898815,0.9256240886605954,244.58181442404947,0.9975181464990256
417.1298342444548,0.6025603390904718,95.3598125399357,0.912829881690896,244.58800777174946,0.9666876616484303
415.63163666342865,0.5930338208996545,95.36238268998987,0.9000356747211964,242.77269650987193,0.11977966903187798
420.3660315458677,0.6358650145872503,95.84764129883017,0.13167289562147388,246.57134497318754,0.9771625271329423
424.3379485789005,0.6307169326356742,95.68509715616763,0.11719034994187894,248.45863335532567,0.9951242506042175
428.3097228258192,0.6262796399601925,96.33025836455919,1.0237142938366521,248.3805302780841,0.9560630377605763
430.6264632239612,0.6243279679593293,96.3331140868416,1.0094985083147638,250.53999696374416,0.9882678266280583
431.39365301513345,0.09976633891833431,96.33525587855341,0.9988366691733476,254.17929374393208,0.9916487876312728
432.05853655553796,0.08448522619898902,96.18290309478631,0.10999425105893645,257.99972574335493,0.991841123123105
432.0611067055921,0.07169101922928944,101.29728752342989,1.0066617765855215,261.79156595922376,0.9846129411738613
432.06367685564635,0.05889681225959009,105.26888328770598,1.0031129705051578,262.35598544470787,0.9987977293602252
432.0662470057005,0.04610260528989052,109.24026487281084,1.0006303483389358,263.6205757639247,0.11607501190795122
432.0696381759109,0.029221359982648076,113.21168215444423,0.99797002885369,264.520890148796,0.1054295666522378
436.2517006724013,0.6252237366462675,117.18274247079235,0.9970866825586804,265.38411176092114,0.9853981908587178
440.2229751679206,0.6232742064371163,119.66904137945308,0.974700033049274,264.9494504315205,0.08995521944485074
444.1944281460825,0.620436189632847,119.50644369199777,0.9604840333482144,265.56619465344994,1.0202778808261181
448.1663808756439,0.6151104103622471,119.50901384205194,0.947689826378515,265.4278196103544,1.003142598623838
452.1383336052052,0.6097846310916474,119.51158399210614,0.9348956194088154,266.42164666116525,0.9976352668091334
456.41419230006176,0.07996770200598258,119.34900415291507,0.920590771048244,266.5977733329335,0.12087669474666995
456.2184111196848,0.06621367249855026,119.6597674213409,0.856140338960891,269.55163510770035,0.9905960411885256
456.07966891229586,0.0509061341490844,119.53086011751246,0.838939067136069,273.37236046768504,0.9893280278040184
456.8743348314282,0.09553458685412952,119.53343026756666,0.8261448601663696,276.83384375287466,0.9793620710683822
460.7428033247803,0.6053533354329588,119.53600041762083,0.8133506531966701,280.6542452479913,0.979706256996471
464.7143633925279,0.6019822266716186,119.538570567675,0.8005564462269705,284.6251270816968,0.9797113972965794
468.68556649499016,0.6003880911005145,119.54114071772919,0.7877622392572711,288.1057527925677,0.12570236565256088
472.6571265627377,0.5970169823391744,119.54371086778336,0.7749680322875716,288.5957947362311,0.9807827215108293
476.6286723518737,0.593716952505444,119.54628101783753,0.762173825317872,289.018423785765,0.11237624471123198
484.9035613780083,0.5826837730866858,119.54885116789173,0.7493796183481725,289.2542172049716,0.9976648235347565
484.9398112027307,0.40223214561821563,119.88257801312106,0.7353419585036501,289.7282671038534,1.017212147367181
485.2309431652913,0.6002318116986092,119.88514816317523,0.7225477515339507,288.44113595672087,0.10341955020534321
486.0981403507938,0.5661861191053768,119.8877183132294,0.7097535445642511,289.1053269844719,0.09158576547505581
485.90257334958807,0.5513659056838026,119.8902884632836,0.6969593375945515,289.9082846972314,1.0362259984795634
485.9051434996422,0.5385716987141032,119.89285861333776,0.6841651306248521,290.7520435421011,0.13050362013293704
485.9077136496964,0.5257774917444036,119.89542876339193,0.6713709236551526,292.73119294580033,0.9854526306144785
485.91028379975063,0.5129832847747041,119.89799891344613,0.658576716685453,291.08530633245954,0.1187760254357213
485.91285394980474,0.5001890778050045,119.9005690635003,0.6457825097157536,293.5566512513883,0.9944576246652604
485.91542409985897,0.4873948708353051,119.90313921355447,0.6329883027460541,296.86581475587406,0.993987456406891
485.9179942499131,0.4746006638656056,119.90570936360866,0.6201940957763546,298.8538704434416,0.9809736979384662
485.9205643999673,0.46180645689590605,119.90827951366283,0.6073998888066551,302.49430951254254,0.9786683447329254
485.9231345500214,0.4490122499262066,119.910849663717,0.5946056818369556,306.46633363516094,0.9729871708242783
485.92570470007564,0.436218042956507,119.9134198137712,0.581811474867256,310.7669014670661,0.9790699877933363
485.92827485012987,0.42342383598680755,119.91598996382537,0.5690172678975566,309.44495906531097,0.9706809609020528
485.93073791059845,0.41116272097417883,119.91856011387954,0.5562230609278571,314.35933074509546,0.9804352922981485
486.1341224515523,0.3870672215295836,119.92113026393373,0.5434288539581575,313.0847199003697,0.9717518567579604
485.93855545034654,0.3722470081080095,119.9237004139879,0.5306346469884581,317.38104698468555,0.9989451152270226
485.94112560040077,0.35945280113831,119.92627056404207,0.5178404400187585,318.52895972346664,0.9751513085629535
485.9436957504549,0.34665859416861045,119.92884071409627,0.505046233049059,318.96458068681613,0.11694629277631763
485.9462659005091,0.333864387198911,119.93141086415044,0.4922520260793595,319.35856327220455,1.0383964902003169
485.9488360505632,0.3210701802292115,119.93398101420463,0.47945781910966,319.36179737768936,1.0222971130967784
485.95140620061744,0.30827597325951195,119.9365511642588,0.46666361213996055,319.529585340393,1.0106759226118058
485.95397635067155,0.2954817662898125,119.93912131431297,0.453869405170261,319.26325864053285,0.10089045319877621
485.9565465007258,0.2826875593201129,119.94169146436717,0.4410751982005615,321.2796528671915,0.9926833682188224
485.95911665078,0.26989335235041345,119.94426161442134,0.42828099123086194,322.2387091194453,0.9772367854313595
485.9616868008341,0.2570991453807139,119.9468317644755,0.4154867842611625,326.3195790968581,0.9788058049249897
485.96425695088834,0.24430493841101442,119.9494019145297,0.4026925772914629,330.28937575609626,0.9842129437234156
485.96682710094245,0.23151073144131495,119.95197206458387,0.38989837032176344,330.29148185127957,0.973728801901023
485.9693972509967,0.21871652447161538,119.95454221463804,0.377104163352064,334.2612927891291,0.9790648617718394
486.3030669817803,0.2049631803375308,119.95711236469224,0.3643099563823644,335.99460912497267,0.11624485599069811
485.974537551105,0.19312811053221635,119.9596825147464,0.35151574941266495,337.1690391922294,1.0001435333614517
485.97710770115924,0.18033390356251688,119.96225266480057,0.3387215424429654,336.68047746461576,0.10108900476973415
485.97967785121335,0.1675396965928173,119.96482281485477,0.3259273354732659,336.75858622857714,0.07832015014958582
485.9822480012676,0.15474548962311796,119.96739296490894,0.31313312850356645,337.2297804051765,1.0272246904523175
485.9848181513218,0.1419512826534184,119.96996311496311,0.3003389215338669,337.2317080177171,1.0176290352250428
485.9873883013759,0.12915707568371904,119.9725332650173,0.2875447145641674,338.23155112346956,0.9821737819108933
485.98995845143014,0.11636286871401946,119.97510341507147,0.27475050759446784,338.4039106215936,0.12416820024938757
485.99252860148425,0.10356866174431989,119.97767356512564,0.2619563006247684,341.2077920255137,0.9917377528994445
485.9950987515385,0.09077445477462032,119.98024371517984,0.2491620936550688,342.31368475799235,0.977452316311088
485.9976689015926,0.07798024780492097,119.98281386523401,0.23636788668536934,346.02360722804866,0.9786762304205916
485.8019733928841,0.06379974473183192,119.98538401528818,0.22357367971566988,349.72058728038513,0.973017778047741
486.2105986942756,0.6652703155362754,119.98795416534237,0.2107794727459703,349.9454692907209,0.9831011253672008
486.2131688443298,0.6524761085665758,119.99052431539654,0.19798526577627085,353.59745669675164,0.9703725673731709
486.2157389943839,0.6396819015968763,119.99309446545071,0.18519105880657127,354.04905653889034,0.9814005427480196
486.21830914443814,0.6268876946271768,119.99566461550491,0.1723968518368718,357.427925725533,0.9633864038541182
486.22087929449225,0.6140934876574773,119.99823476555908,0.15960264486717224,358.08629821913354,0.9805172821246784
486.33325196630557,0.05470232737117109,120.00080491561324,0.14680843789747278,361.3992216389694,0.9613302552535528
488.6929093271578,0.5878620948656356,120.00337506566744,0.1340142309277732,362.05739423201015,0.9794562385106451
489.2419478970648,0.4005051654161862,119.80755104945617,0.12047343820316914,364.3778470691193,0.9590240453313272
492.51117876597954,0.5988196570299522,120.62778384222271,1.0261827393815437,366.02863303100094,0.9776844056205175
492.5149982945323,0.5798060438944266,120.4894546946639,1.0088189891976618,370.26494711155163,0.9741714816906324
491.88920245286846,0.4005085922829251,120.49159648637571,0.9981571500562456,373.71365536637944,0.9745550337503842
496.482060599685,0.5988247973300606,119.50037528214763,0.9906925775822272,377.9415998008741,0.9761005506496301
496.48666545186546,0.5759018431760157,119.84798807697523,0.9075306606375226,381.9128742963934,0.9741510204404789
498.7984083360131,0.5988277958384571,119.85055822702942,0.8947364536678232,385.88386321968443,0.9736230687835163
500.4583683057271,0.5718199451385811,119.85312837708359,0.8819422466981237,389.854887839504,0.9729174198075303
503.8818795709496,0.002126623932329208,120.18606989868526,0.8718139278721206,393.82636937488877,0.9699372451480421
503.3727399845225,0.0657416216052662,120.00765864909106,0.11269055264494066,397.7968299895575,0.972039213812629
503.87124200544764,0.05508042500136345,125.78482052295588,1.0045611072745733,401.7677475197915,0.9718666567937138
504.2050759402626,0.04050967319977006,129.7565947698746,1.0001238145990914,405.9753891287259,0.969892047223518
504.2076460903167,0.027715466230070707,133.7279763549795,0.9976411924328693,408.64491219892756,1.0002360587634023
504.2102162403709,0.014921259260371134,137.6990723678561,0.996580148818836,408.8219098659919,0.11914167211676263
,,141.90617852886254,0.9972709990339943,408.2297687114264,0.10176210327123769
,,143.1400086394945,0.8167574584865405,408.2335739613677,0.08281956906332155
,,143.03346164113736,0.7980635577391432,409.17589908071585,1.039655098801253
,,143.14746921395732,0.7796187188106072,409.0375240376204,1.022519816598973
,,143.04037962836657,0.7636258173123687,408.04576738546433,1.0177207039103084
,,143.04294977842073,0.7508316103426691,409.7084831271807,0.9769946201818103
,,143.0455199284749,0.7380374033729696,409.16024870270735,0.9606812923648728
,,143.04809007852907,0.7252431964032702,412.30465901036007,0.9959455971286744
,,143.05066022858324,0.7124489894335706,414.34022550252536,0.9817451356165336
,,143.0532303786374,0.6996547824638711,418.31119657755215,0.9813060326190829
,,143.05580052869163,0.6868605754941717,422.2824710730714,0.9793565024099317
,,143.0583706787458,0.6740663685244721,426.20657005638594,0.9769245897122388
,,143.06094082879997,0.6612721615547725,430.2249486710529,0.9758128366296763
,,143.06351097885414,0.6484779545850731,432.47054588783413,0.9985610063014256
,,143.0660811289083,0.6356837476153735,433.0256398870354,0.9607606489929346
,,143.06865127896248,0.622889540645674,432.87884278116314,0.9427645621580247
,,143.0712214290167,0.6100953336759745,432.64516310639596,0.9294115719297208
,,143.07379157907087,0.597301126706275,432.7132108887828,0.12002554672039456
,,143.07636172912504,0.5845069197365755,432.9367068539108,0.10563234945171085
,,143.0789318791792,0.571712712766876,432.45401125581895,0.09251765904886677
,,143.08150202923338,0.5589185057971765,433.0041885913451,1.0247593658039205
,,143.08407217928755,0.5461242988274769,431.8714867460394,1.0156191778826755
,,143.08664232934177,0.5333300918577775,434.19461682278836,0.9818596857765872
,,143.08921247939594,0.5205358848880779,433.74426941885065,0.9175326565883631
,,143.0917826294501,0.5077416779183784,438.16567713913645,0.9809763394815776
,,143.09435277950428,0.49494747094867897,442.13705872424134,0.9784937173153554
,,143.09692292955845,0.4821532639789794,446.10840461281765,0.9761887924681569
,,143.09949307961267,0.46935905700927993,450.0797148048655,0.974061564939982
,,143.10206322966684,0.45656485003958036,454.0509893003848,0.9721120347308307
,,143.104633379721,0.4437706430698809,456.3044897285826,0.9555180179707542
,,143.10720352977518,0.43097643610018144,457.83618969151865,0.9812979652036351
,,143.10977367982935,0.41818222913048186,458.35399163553575,0.9660758945424789
,,143.1123438298835,0.4053880221607824,459.9637163905994,0.9538168601275131
,,143.11491397993774,0.39259381519108283,458.85313619397425,0.12858885834257427
,,143.1174841299919,0.37979960822138337,458.85661660550596,0.11126336973777295
,,143.12005428004608,0.3670054012516838,462.3251471426266,0.9647186887300729
,,143.12262443010025,0.35421119428198433,464.1179967888851,0.9821522749224375
,,143.1251945801544,0.34141698731228487,463.5193721248376,0.9499831998290813
,,143.12776473020858,0.3286227803425853,466.29355996644205,0.9770145602626473
,,143.1303348802628,0.31582857337288583,469.933802704636,0.9756865423117362
,,143.13290503031698,0.30303436640318626,473.9052199862694,0.9730262228264905
,,143.13547518037115,0.2902401594334868,478.11304517735056,0.9701377413298876
,,143.1380453304253,0.2774459524637872,480.03297174544133,0.11966032839769603
,,143.14061548047948,0.26465174549408776,480.27270555144725,0.10287585331959659
,,143.14318563053365,0.2518575385243883,479.4876572970017,0.0888113598846274
,,143.14575578058788,0.23906333155468873,480.79180854893735,0.9544835325739475
,,143.14832593064205,0.22626912458498927,480.29433764773654,0.936479606966809
,,143.1508960806962,0.2134749176152897,481.1938442711623,0.9298551981872867
,,143.1534448128333,0.20078732903700436,481.6797632657804,0.9818323065392045
,,143.15603638080455,0.18788650367589077,482.17837237629095,0.970638017978231
,,143.15860653085872,0.1750922967061912,480.37171752258206,0.08063842549845468
,,143.16117668091294,0.16229808973649174,481.50808081181407,1.0128402745296523
,,143.1637468309671,0.14950388276679227,483.2327228912248,0.11476002318995393
,,143.16631698102128,0.1367096757970927,482.84355933718786,0.9538464780471851
,,143.0588561515338,0.12256482641669941,482.8461294872421,0.9410522710774856
,,144.53402947165796,1.0154249173744136,485.8175799151575,0.9744632222790045
,,143.3284506136057,0.9768630284990362,485.6616574785374,0.10339053606695403
,,143.33102076365986,0.9640688215293367,489.78910428637647,0.971269810836688
,,143.3335909137141,0.9512746145596371,493.99721504968585,0.9669597507878962
,,143.33616106376826,0.9384804075899377,497.7324386010427,0.9634614093998661
,,143.33873121382243,0.9256862006202381,501.70366847590134,0.9617340008394943
,,143.3413013638766,0.9128919936505386,504.2709538836652,0.9480102027220743
,,143.34387151393076,0.9000977866808391,503.8052748207237,0.9325499291260356
,,143.34644166398493,0.8873035797111396,504.68055370028554,0.9680905352196694
,,143.34901181403916,0.8745093727414401,457.41197647331705,1.0031811158271502
,,143.35158196409333,0.8617151657717406,337.2769409279298,1.0353880607649553
,,143.3541521141475,0.8489209588020411,317.99001223766123,1.0457190809219905
,,143.35672226420166,0.8361267518323416,507.0226128889149,0.041433038981086634
,,143.50214992143395,0.11218787413017783,508.2310364357772,0.02590062270088822
,,144.31699457819406,0.9976548998998249,509.8409676125846,0.011663224553544405
,,148.94786952789536,1.0067234601868218,,
,,152.91939389911437,1.0035300487445054,,
,,156.89084687727626,1.0006920319402361,,
,,160.86212137279557,0.9987425017310847,,
,,164.8333601717863,0.9969706688409571,,
,,167.15345604361016,0.9783154488518752,,
,,167.1560261936644,0.9655212418821757,,
,,167.15859634371856,0.9527270349124761,,
,,167.16116649377273,0.9399328279427767,,
,,167.1637366438269,0.9271386209730772,,
,,167.16630679388106,0.9143444140033776,,
,,167.16887694393523,0.901550207033678,,
,,167.17144709398946,0.8887560000639786,,
,,167.17401724404363,0.8759617930942791,,
,,167.1765873940978,0.8631675861245796,,
,,167.17915754415196,0.85037337915488,,
,,167.18172769420613,0.8375791721851805,,
,,167.1842978442603,0.8247849652154811,,
,,167.18686799431453,0.8119907582457815,,
,,167.1894381443687,0.799196551276082,,
,,167.19200829442286,0.7864023443063826,,
,,167.19457844447703,0.773608137336683,,
,,167.1971485945312,0.7608139303669834,,
,,167.19971874458537,0.7480197233972841,,
,,167.2022888946396,0.7352255164275845,,
,,167.20485904469376,0.7224313094578849,,
,,167.20742919474793,0.7096371024881855,,
,,167.2099993448021,0.696842895518486,,
,,167.21256949485627,0.6840486885487864,,
,,167.21513964491044,0.671254481579087,,
,,167.21770979496466,0.6584602746093875,,
,,167.22027994501883,0.6456660676396879,,
,,167.222850095073,0.6328718606699885,,
,,167.22542024512717,0.620077653700289,,
,,167.22799039518134,0.6072834467305895,,
,,167.23056054523556,0.59448923976089,,
,,167.23313069528973,0.5816950327911905,,
,,167.2357008453439,0.5689008258214909,,
,,167.23827099539807,0.5561066188517915,,
,,167.24084114545224,0.543312411882092,,
,,167.2434112955064,0.5305182049123924,,
,,167.24598144556063,0.517723997942693,,
,,167.2485515956148,0.5049297909729934,,
,,167.25112174566897,0.49213558400329394,,
,,167.25369189572314,0.47934137703359436,,
,,167.2562620457773,0.4665471700638949,,
,,167.25883219583147,0.45375296309419544,,
,,167.2614023458857,0.44095875612449587,,
,,167.26397249593987,0.4281645491547964,,
,,167.26654264599404,0.41537034218509683,,
,,167.2691127960482,0.40257613521539737,,
,,167.27168294610237,0.3897819282456979,,
,,167.27425309615654,0.37698772127599833,,
,,167.27682324621077,0.36419351430629887,,
,,167.27939339626494,0.3513993073365993,,
,,167.2819635463191,0.33860510036689984,,
,,167.28453369637327,0.32581089339720026,,
,,167.28710384642744,0.3130166864275008,,
,,167.2896739964816,0.30022247945780134,,
,,167.29224414653584,0.28742827248810177,,
,,167.29481429659,0.2746340655184023,,
,,167.29738444664417,0.26183985854870273,,
,,167.29995459669834,0.24904565157900327,,
,,167.3025247467525,0.2362514446093037,,
,,167.30509489680668,0.22345723763960423,,
,,167.3076650468609,0.21066303066990477,,
,,167.31023519691507,0.1978688237002052,,
,,167.31280534696924,0.18507461673050574,,
,,167.3153754970234,0.17228040976080616,,
,,167.31794564707758,0.1594862027911067,,
,,167.3205157971318,0.14669199582140702,,
,,167.32308594718597,0.13389778885170767,,
,,167.45834723309275,0.11946893789032798,,
,,168.1354675434775,1.0316259296339836,,
,,168.13853744493105,1.0163439601979536,,
,,168.33978019417322,1.0029102998947745,,
,,167.149672211586,0.9971513646683772,,
,,167.9900398862452,0.10831023162899323,,
,,173.4358665822922,1.0023127257285667,,
,,177.40746234656825,0.9987639196482029,,
,,181.37887962820167,0.9961036001629573,,
,,185.3502969098351,0.9934432806777115,,
,,189.3215000122973,0.9918491451066074,,
,,193.29259602517396,0.9907881014925741,,
,,197.2637277345791,0.9895493605595174,,
,,201.23485944398425,0.9883106196264604,,
,,205.20588406380386,0.9876049706504744,,
,,209.17712286279465,0.9858331377603466,,
,,213.14804039302862,0.9856605807414314,,
,,217.11924349549082,0.9840664451703274,,
,,221.09026811531038,0.9833607961943414,,
,,225.0611142524873,0.9835436338134732,,
,,229.03213887230686,0.9828379848374872,,
,,233.00323488518353,0.9817769412234539,,
,,236.97418811194603,0.981426686885515,,
,,238.9626632337239,0.9663249849185629,,
,,238.96523338377807,0.9535307779488634,,
,,238.96780353383224,0.9407365709791639,,
,,238.9703736838864,0.9279423640094644,,
,,238.97294383394058,0.9151481570397648,,
,,238.97551398399474,0.9023539500700654,,
,,238.97808413404897,0.8895597431003659,,
,,238.98065428410314,0.8767655361306663,,
,,238.9832244341573,0.8639713291609669,,
,,238.98579458421148,0.8511771221912674,,
,,238.98836473426564,0.8383829152215678,,
,,238.9909348843198,0.8255887082518683,,
,,238.99350503437404,0.8127945012821688,,
,,238.9960751844282,0.8000002943124693,,
,,238.99864533448238,0.7872060873427698,,
,,239.00121548453654,0.7744118803730703,,
,,239.0037856345907,0.7616176734033708,,
,,239.00635578464494,0.7488234664336713,,
,,239.0089259346991,0.7360292594639717,,
,,239.01149608475328,0.7232350524942722,,
,,239.01406623480744,0.7104408455245728,,
,,239.0166363848616,0.6976466385548732,,
,,239.01920653491578,0.6848524315851737,,
,,239.02177668497,0.6720582246154743,,
,,239.02434683502418,0.6592640176457747,,
,,239.02691698507834,0.6464698106760751,,
,,239.0294871351325,0.6336756037063757,,
,,239.03205728518668,0.6208813967366761,,
,,239.03462743524085,0.6080871897669766,,
,,239.03719758529508,0.595292982797277,,
,,239.03976773534924,0.5824987758275776,,
,,239.0423378854034,0.5697045688578781,,
,,239.04490803545758,0.5569103618881786,,
,,239.04747818551175,0.5441161549184791,,
,,239.05004833556592,0.5313219479487795,,
,,239.05261848562014,0.51852774097908,,
,,239.0551886356743,0.5057335340093805,,
,,239.05775878572848,0.492939327039681,,
,,239.06032893578265,0.48014512006998156,,
,,239.06289908583682,0.467350913100282,,
,,239.065469235891,0.4545567061305825,,
,,239.0680393859452,0.44176249916088295,,
,,239.07060953599938,0.4289682921911835,,
,,239.07317968605355,0.416174085221484,,
,,239.07574983610772,0.40337987825178445,,
,,239.0783199861619,0.390585671282085,,
,,239.41193974180567,0.3770811033946335,,
,,239.41450989185984,0.36428689642493406,,
,,239.417080041914,0.3514926894552345,,
,,239.41965019196817,0.338698482485535,,
,,239.42222034202234,0.32590427551583545,,
,,239.42479049207657,0.313110068546136,,
,,239.42736064213074,0.3003158615764365,,
,,239.4299307921849,0.28752165460673695,,
,,239.43250094223907,0.2747274476370375,,
,,239.43507109229324,0.2619332406673379,,
,,239.4376412423474,0.24913903369763846,,
,,239.44021139240164,0.23634482672793888,,
,,239.4427815424558,0.22355061975823942,,
,,239.44542308556703,0.2104010181504926,,
,,239.1168722369746,0.19867256673659228,,
,,239.4504919926183,0.18516799884914092,,
,,239.4528479635013,0.17343997579358306,,
,,239.1245826871371,0.16028994582749378,,
,,239.45827383583793,0.14642998330199508,,
,,239.46091537894915,0.13328038169424827,,
,,239.46384249428866,0.11870920153431275,,
,,239.95174264624012,0.9844513965339976,,
,,240.127369566609,0.11018058693786448,,
,,244.91655862034202,0.9784161130623306,,
,,247.5657050921577,0.9690015820208184,,
,,251.5362656571064,0.9706059981921392,,
,,255.50686191858358,0.9720327170444364,,
,,259.47788653840314,0.9713270680684504,,
,,262.85315037566426,0.9712603583959329,,
,,262.4594747804212,0.9542719806672656,,
,,262.4620449304754,0.9414777736975661,,
,,262.46461508052954,0.9286835667278666,,
,,262.4671852305837,0.9158893597581671,,
,,262.4697553806379,0.9030951527884676,,
,,262.47232553069205,0.8903009458187681,,
,,262.30985278108665,0.8754630055011259,,
,,262.821508972775,0.799320346837025,,
,,262.83535922584474,0.7303737870558666,,
,,263.0824862928597,0.5983449645935569,,
,,262.8355876836273,0.3997856090726847,,
,,263.16219664106774,0.2015468512138484,,
,,262.80851543639,0.864002170961617,,
,,262.81108558644416,0.8512079639919174,,
,,262.81365573649833,0.838413757022218,,
,,262.8162258865525,0.8256195500525185,,
,,262.4874608587889,0.8149572825527598,,
,,263.28917633235557,0.7774286368349963,,
,,263.1602690285271,0.7602273650101745,,
,,263.1628391785813,0.7474331580404749,,
,,263.33550328708213,0.711538513776878,,
,,263.173119778798,0.6962563301616769,,
,,263.1756899288522,0.6834621231919774,,
,,263.17826007890636,0.670667916222278,,
,,263.18083022896053,0.6578737092525784,,
,,263.1834003790147,0.6450795022828788,,
,,263.18597052906887,0.6322852953131793,,
,,263.1885406791231,0.6194910883434798,,
,,262.52858325965576,0.6102499710375676,,
,,263.1962511292856,0.5811084674343813,,
,,263.19882127933977,0.5683142604646817,,
,,263.20139142939394,0.5555200534949822,,
,,263.20396157944816,0.5427258465252827,,
,,263.20653172950233,0.5299316395555832,,
,,263.2091018795565,0.5171374325858836,,
,,263.21167202961067,0.5043432256161842,,
,,263.21424217966484,0.4915490186464847,,
,,263.216812329719,0.47875481167678513,,
,,263.21938247977323,0.46596060470708567,,
,,263.2219526298274,0.4531663977373861,,
,,263.22452277988157,0.44037219076768663,,
,,263.22709292993574,0.42757798379798717,,
,,263.2296630799899,0.4147837768282876,,
,,263.3688509840351,0.3808082207743114,,
,,263.23994368020664,0.36360694894948953,,
,,263.2425138302608,0.35081274197979007,,
,,263.245083980315,0.3380185350100906,,
,,263.2476541303692,0.32522432804039103,,
,,263.25022428042337,0.31243012107069157,,
,,263.25279443047754,0.299635914100992,,
,,263.2553645805317,0.28684170713129253,,
,,263.2579347305859,0.27404750016159296,,
,,263.26050488064004,0.2612532931918935,,
,,263.26307503069427,0.24845908622219404,,
,,263.26564518074844,0.23566487925249446,,
,,263.2682153308026,0.222870672282795,,
,,262.6082579113353,0.21362955497688285,,
,,263.2759257809651,0.1844880513736965,,
,,263.27849593101934,0.17169384440399693,,
,,263.2810660810735,0.15889963743429747,,
,,263.2836362311277,0.1461054304645979,,
,,263.28620638118184,0.13331122349489832,,
,,263.288776531236,0.12051701652519897,,
,,263.62244983167255,0.10674590265921191,,
,,263.77428501577606,0.9981649318994653,,
,,268.74074303019023,0.9839555717527124,,
,,272.7121246152951,0.9814729495864903,,
,,276.68311353858616,0.9809449979295278,,
,,280.6543523375769,0.9791731650394002,,
,,284.62537695739655,0.9784675160634142,,
,,287.1097553928223,0.8009155247467622,,
,,287.12504778564465,0.7247899932770501,,
,,287.15074928618645,0.596847923580055,,
,,287.2230668833359,0.4015763825408505,,
,,287.2304667737002,0.200014270736542,,
,,287.27355962294195,0.9738508126355393,,
,,287.2761297729961,0.9610566056658398,,
,,287.2786999230503,0.9482623986961403,,
,,287.28127007310445,0.9354681917264408,,
,,287.2838402231586,0.9226739847567413,,
,,287.28641037321285,0.9098797777870418,,
,,287.288980523267,0.8970855708173422,,
,,287.2915506733212,0.8842913638476427,,
,,287.29412082337535,0.8714971568779433,,
,,287.2966909734295,0.8587029499082437,,
,,287.2992611234837,0.8459087429385442,,
,,287.3018312735379,0.8331145359688448,,
,,287.3044014235921,0.8203203289991452,,
,,287.3121118737546,0.7819377080900467,,
,,287.31468202380876,0.7691435011203471,,
,,287.317252173863,0.7563492941506477,,
,,287.31982232391715,0.7435550871809482,,
,,287.32753277407966,0.7051724662718497,,
,,287.3301029241339,0.6923782593021501,,
,,287.33267307418805,0.6795840523324506,,
,,287.3352432242422,0.6667898453627511,,
,,287.3378133742964,0.6539956383930515,,
,,287.34038352435056,0.6412014314233521,,
,,287.3429536744047,0.6284072244536525,,
,,287.34552382445895,0.615613017483953,,
,,287.35323427462146,0.5772303965748545,,
,,287.3558044246756,0.564436189605155,,
,,287.3583745747298,0.5516419826354555,,
,,287.360944724784,0.5388477756657559,,
,,287.3635148748382,0.5260535686960565,,
,,287.36608502489236,0.5132593617263569,,
,,287.3686551749465,0.5004651547566574,,
,,287.3712253250007,0.48767094778695796,,
,,287.37379547505486,0.4748767408172584,,
,,287.3763656251091,0.46208253384755893,,
,,287.37893577516326,0.44928832687785936,,
,,287.3815059252174,0.4364941199081599,,
,,287.3840760752716,0.42369991293846043,,
,,287.05552522667915,0.4119714615245601,,
,,287.39178652543416,0.3853172920293618,,
,,287.3943566754883,0.37252308505966236,,
,,287.3969268255425,0.3597288780899628,,
,,287.39949697559666,0.3469346711202633,,
,,287.40206712565083,0.33414046415056387,,
,,287.40463727570506,0.3213462571808643,,
,,287.4072074257592,0.30855205021116483,,
,,287.4097775758134,0.29575784324146526,,
,,287.41234772586756,0.2829636362717658,,
,,287.41491787592173,0.2701694293020662,,
,,287.4174880259759,0.25737522233236676,,
,,287.4200581760301,0.2445810153626673,,
,,287.4226283260843,0.23178680839296772,,
,,287.42519847613846,0.21899260142326826,,
,,287.43290892630097,0.18060998051416977,,
,,287.4354790763552,0.1678157735444702,,
,,287.43804922640936,0.15502156657477073,,
,,287.44061937646353,0.14222735960507138,,
,,287.4431895265177,0.1294331526353718,,
,,287.4455454974007,0.11770512957981394,,
,,287.9320534847395,0.9903775200214192,,
,,292.5673191074501,0.9775893100685128,,
,,296.53862929949787,0.975462082540338,,
,,300.5096182227889,0.9749341308833754,,
,,304.48082132525116,0.9733399953122714,,
,,308.45202442771335,0.9717458597411673,,
,,312.423522026536,0.9686857212881185,,
,,312.09589750285886,0.9523460244455557,,
,,312.09846765291303,0.9395518174758563,,
,,312.10103780296726,0.9267576105061567,,
,,312.1036079530214,0.9139634035364572,,
,,312.1061781030756,0.9011691965667576,,
,,312.10874825312976,0.8883749895970582,,
,,312.11131840318393,0.8755807826273587,,
,,312.1138885532381,0.8627865756576591,,
,,312.1164587032923,0.8499923686879596,,
,,312.1190288533465,0.8371981617182601,,
,,312.12159900340066,0.8244039547485607,,
,,312.12416915345483,0.8116097477788611,,
,,312.126739303509,0.7988155408091616,,
,,312.1293094535632,0.7860213338394622,,
,,312.1318796036174,0.7732271268697626,,
,,312.13444975367156,0.760432919900063,,
,,312.13701990372573,0.7476387129303635,,
,,312.1395900537799,0.7348445059606641,,
,,312.14216020383407,0.7220502989909645,,
,,312.1447303538883,0.709256092021265,,
,,312.14730050394246,0.6964618850515656,,
,,312.14987065399663,0.683667678081866,,
,,312.1524408040508,0.6708734711121664,,
,,312.15501095410497,0.6580792641424671,,
,,312.15758110415914,0.6452850571727675,,
,,312.16015125421336,0.6324908502030681,,
,,312.16272140426753,0.6196966432333685,,
,,312.3861031405042,0.6058720773855604,,
,,311.83712622823737,0.5932548538043139,,
,,311.83969637829153,0.5804606468346143,,
,,311.8422665283457,0.5676664398649148,,
,,311.84483667839993,0.5548722328952154,,
,,311.8474068284541,0.5420780259255158,,
,,311.84997697850827,0.5292838189558163,,
,,311.85254712856243,0.5164896119861168,,
,,311.8551172786166,0.5036954050164173,,
,,311.8576874286708,0.4909011980467177,,
,,311.860257578725,0.47810699107701826,,
,,311.86282772877917,0.4653127841073188,,
,,311.86539787883333,0.4525185771376192,,
,,311.8679680288875,0.43972437016791976,,
,,311.8705381789417,0.4269301631982202,,
,,311.8731083289959,0.41413595622852073,,
,,312.2065852985255,0.4013421776171636,,
,,311.87824862910423,0.3885475422891217,,
,,311.8808187791584,0.37575333531942223,,
,,311.8833889292126,0.36295912834972266,,
,,311.88595907926674,0.3501649213800232,,
,,311.88852922932097,0.3373707144103236,,
,,311.89109937937513,0.32457650744062416,,
,,311.8936695294293,0.3117823004709247,,
,,311.8962396794835,0.2989880935012251,,
,,311.89880982953764,0.28619388653152567,,
,,311.9013799795918,0.2733996795618261,,
,,311.90395012964603,0.26060547259212663,,
,,311.9065202797002,0.24781126562242706,,
,,311.9090904297544,0.2350170586527276,,
,,311.91166057980854,0.22222285168302813,,
,,311.9142307298627,0.20942864471332856,,
,,312.2475363560554,0.19748781323328468,,
,,311.9193710299711,0.18384023077392952,,
,,311.92194118002527,0.17104602380423006,,
,,311.92451133007944,0.1582518168345305,,
,,311.9270814801336,0.14545760986483103,,
,,311.9296516301878,0.13266340289513145,,
,,311.71183141309615,0.11880272643906209,,
,,312.88386267363575,0.9832663860156845,,
,,316.39266365447554,0.9773536058906276,,
,,322.34932552205476,0.9756731918100658,,
,,326.321135465502,0.9710582018155605,,
,,330.2918745130934,0.9717741313917633,,
,,333.93210654232877,0.9704994226365593,,
,,334.76085142729863,0.7984183669541225,,
,,334.78145546356626,0.6958514744136982,,
,,334.6684830900737,0.5993261193767393,,
,,334.84065458648087,0.40115824054495275,,
,,334.74815774175323,0.20270570331605453,,
,,334.9273543149751,0.9579197375247153,,
,,334.9299244650293,0.9451255305550157,,
,,334.93249461508344,0.9323313235853162,,
,,334.9350647651376,0.9195371166156167,,
,,334.9376349151918,0.9067429096459172,,
,,334.940205065246,0.8939487026762177,,
,,334.9427752153002,0.8811544957065183,,
,,334.94534536535434,0.8683602887368187,,
,,334.9479155154085,0.8555660817671191,,
,,334.9504856654627,0.8427718747974197,,
,,334.95305581551685,0.8299776678277202,,
,,334.9556259655711,0.8171834608580206,,
,,334.9633364157336,0.7788008399489221,,
,,334.96590656578775,0.7660066329792226,,
,,334.9684767158419,0.7532124260095231,,
,,334.97104686589614,0.7404182190398236,,
,,334.9736170159503,0.7276240120701241,,
,,334.9761871660045,0.7148298051004246,,
,,334.983897616167,0.676447184191326,,
,,334.9864677662212,0.6636529772216265,,
,,334.9890379162754,0.650858770251927,,
,,334.99160806632955,0.6380645632822275,,
,,334.9941782163837,0.6252703563125279,,
,,334.9967483664379,0.6124761493428285,,
,,335.0018886665463,0.5868877354034294,,
,,335.00445881660045,0.57409352843373,,
,,335.0070289666546,0.5612993214640304,,
,,335.0095991167088,0.5485051144943309,,
,,335.01216926676295,0.5357109075246314,,
,,335.0147394168172,0.5229167005549319,,
,,335.01730956687135,0.5101224935852324,,
,,335.0198797169255,0.49732828661553286,,
,,335.0224498669797,0.4845340796458334,,
,,335.02502001703385,0.4717398726761338,,
,,335.027590167088,0.45894566570643436,,
,,335.03016031714225,0.4461514587367349,,
,,335.0327304671964,0.4333572517670353,,
,,335.0353006172506,0.42056304479733586,,
,,335.0430110674131,0.38218042388823725,,
,,335.0455812174673,0.3693862169185378,,
,,335.0481513675215,0.35659200994883833,,
,,335.05072151757565,0.34379780297913876,,
,,335.0532916676298,0.3310035960094393,,
,,335.055861817684,0.3182093890397397,,
,,335.05843196773816,0.30541518207004026,,
,,335.0610021177924,0.2926209751003407,,
,,335.06357226784655,0.2798267681306412,,
,,335.0661424179007,0.26703256116094176,,
,,335.0687125679549,0.2542383541912422,,
,,335.07128271800906,0.24144414722154273,,
,,335.0738528680633,0.22864994025184315,,
,,335.07642301811745,0.2158557332821437,,
,,335.0815633182258,0.19026731934274466,,
,,335.08413346827996,0.1774731123730452,,
,,335.0867036183341,0.16467890540334562,,
,,335.08927376838835,0.15188469843364616,,
,,335.0918439184425,0.1390904914639468,,
,,335.0954314195598,0.12123191090207452,,
,,335.58274257879054,0.9899061116656487,,
,,340.21782971885847,0.9780063883078604,,
,,344.1892113039633,0.9755237661416383,,
,,348.1605928890682,0.9730411439754161,,
,,352.1318316880589,0.9712693110852885,,
,,356.10349884539204,0.9673651103668776,,
,,359.4146463629335,0.9570185251171762,,
,,363.3857691482065,0.9558242085138753,,
,,367.3576861812394,0.950676126562299,,
,,371.32967460732925,0.9451726499726757,,
,,375.3017701230047,0.9391360814259815,,
,,379.2735086733949,0.9348764860695233,,
,,383.2455327960133,0.9291953121608764,,
,,387.2175569186317,0.9235141382522294,,
,,391.1896524343072,0.9174775697055352,,
,,395.1618550395683,0.9109079092017702,,
,,399.134164734415,0.9038051567409344,,
,,403.1061531605049,0.8983016801513111,,
,,406.0850284663545,0.8947515889959201,,
,,408.6083854711338,0.09958453139902557,,
,,412.37068738913285,0.9025784098414638,,
,,416.342961387451,0.8956533546996515,,
,,420.3148784204838,0.8905052727480753,,
,,424.2865455778169,0.8866010720296644,,
,,428.2579985559789,0.883763055225395,,
,,430.57463186453526,0.8823444751816027,,
,,432.16673273351313,0.09496951080749572,,
,,436.200047795618,0.882351757273423,,
,,440.17192913212233,0.8773813726408703,,
,,444.1436676825125,0.8731217772844122,,
,,448.1151920537315,0.8699283658420958,,
,,452.08682351453604,0.8662018624427084,,
,,455.19696923440296,0.8680894805927768,,
,,455.0680904877973,0.850746050912736,,
,,455.07066063785146,0.8379518439430366,,
,,455.0732307879057,0.8251576369733371,,
,,455.07580093795985,0.8123634300036375,,
,,455.078371088014,0.7995692230339381,,
,,455.0809412380682,0.7867750160642386,,
,,455.08351138812236,0.773980809094539,,
,,455.0860815381766,0.7611866021248395,,
,,455.08865168823075,0.7483923951551401,,
,,455.0912218382849,0.7355981881854405,,
,,455.0937919883391,0.722803981215741,,
,,455.09636213839326,0.7100097742460415,,
,,455.09893228844743,0.697215567276342,,
,,455.10150243850165,0.6844213603066425,,
,,455.1040725885558,0.671627153336943,,
,,455.10664273861,0.6588329463672435,,
,,455.10921288866416,0.6460387393975439,,
,,455.11178303871833,0.6332445324278444,,
,,455.1143531887725,0.6204503254581449,,
,,455.1169233388267,0.6076561184884455,,
,,455.1194934888809,0.5948619115187459,,
,,455.12206363893506,0.5820677045490464,,
,,455.12463378898923,0.5692734975793469,,
,,455.1272039390434,0.5564792906096474,,
,,455.12977408909757,0.5436850836399479,,
,,455.1323442391518,0.5308908766702484,,
,,455.13491438920596,0.5180966697005489,,
,,455.13748453926013,0.5053024627308493,,
,,455.1400546893143,0.49250825576114987,,
,,455.14262483936847,0.4797140487914503,,
,,455.14519498942263,0.46691984182175084,,
,,455.14776513947686,0.4541256348520514,,
,,455.15033528953103,0.4413314278823518,,
,,455.1529054395852,0.42853722091265234,,
,,455.15547558963937,0.41574301394295277,,
,,455.15804573969353,0.4029488069732533,,
,,455.16061588974776,0.39015460000355384,,
,,455.16318603980193,0.37736039303385427,,
,,455.1657561898561,0.3645661860641548,,
,,455.16832633991027,0.35177197909445523,,
,,455.17089648996443,0.33897777212475577,,
,,455.1734666400186,0.3261835651550562,,
,,455.1760367900728,0.31338935818535674,,
,,455.178606940127,0.3005951512156573,,
,,455.18117709018117,0.2878009442459577,,
,,455.18374724023533,0.27500673727625824,,
,,455.1863173902895,0.26221253030655867,,
,,455.18888754034367,0.2494183233368592,,
,,455.1914576903979,0.23662411636715963,,
,,455.19402784045207,0.22382990939746017,,
,,455.19659799050623,0.2110357024277607,,
,,455.1991681405604,0.19824149545806113,,
,,455.20173829061457,0.18544728848836167,,
,,455.20430844066874,0.1726530815186621,,
,,455.20687859072297,0.15985887454896264,,
,,455.20944874077713,0.14706466757926306,,
,,455.2120188908313,0.1342704606095637,,
,,455.21458904088547,0.12147625363986414,,
,,455.21715919093964,0.10868204667016457,,
,,455.55092173269753,0.09446668950661863,,
,,455.37872167906755,0.9516785564764857,,
,,455.3812918291217,0.9388843495067862,,
,,455.38386197917595,0.9260901425370867,,
,,455.3864321292301,0.9132959355673872,,
,,455.3890022792843,0.9005017285976877,,
,,455.39157242933845,0.8877075216279882,,
,,455.22151416742037,0.08700297374928478,,
,,461.35217876332024,0.8663915537953182,,
,,465.3238102241249,0.8626650503959309,,
,,469.2955487745151,0.8584054550394726,,
,,473.26725162837675,0.8543235570020382,,
,,477.23888308918134,0.8505970536026508,,
,,478.89588024702715,0.838338080381734,,
,,478.9037334833038,0.799244670196541,,
,,478.81227897720925,0.5956033712521535,,
,,479.1495576270274,0.39915937059406714,,
,,479.02383445354377,0.20138204034162432,,
,,479.340587599457,0.8209243142618772,,
,,478.90137751242077,0.8109726932520989,,
,,479.3482980496196,0.7825416933527787,,
,,479.2410656779147,0.7672595811306346,,
,,479.24363582796883,0.7544653741609351,,
,,479.24620597802306,0.7416711671912356,,
,,479.24877612807717,0.7288769602215361,,
,,479.2513462781314,0.7160827532518366,,
,,479.2539164281855,0.703288546282137,,
,,479.25648657823973,0.6904943393124376,,
,,479.25905672829396,0.6777001323427381,,
,,479.26162687834807,0.6649059253730385,,
,,479.2641970284023,0.652111718403339,,
,,479.2667671784564,0.6393175114336395,,
,,479.26933732851063,0.62652330446394,,
,,479.27190747856486,0.6137290974942404,,
,,479.3894204504864,0.5778343818375866,,
,,479.28218807878153,0.5625522696154425,,
,,479.28475822883564,0.5497580626457429,,
,,479.28732837888987,0.5369638556760434,,
,,479.2898985289441,0.5241696487063439,,
,,479.2924686789982,0.5113754417366444,,
,,479.29503882905243,0.4985812347669448,,
,,479.29760897910654,0.48578702779724536,,
,,479.30017912916077,0.4729928208275459,,
,,479.302749279215,0.46019861385784633,,
,,479.3053194292691,0.44740440688814687,,
,,479.30788957932333,0.4346101999184473,,
,,479.31045972937744,0.42181599294874783,,
,,478.9810521641003,0.4143522771914141,,
,,479.31817017954,0.38343337203964933,,
,,479.32074032959423,0.37063916506994976,,
,,479.32331047964834,0.3578449581002503,,
,,479.32588062970257,0.3450507511305507,,
,,479.3284507797567,0.33225654416085126,,
,,479.3310209298109,0.3194623371911518,,
,,479.33359107986513,0.30666813022145223,,
,,479.33616122991924,0.29387392325175277,,
,,479.33873137997347,0.2810797162820532,,
,,479.3413015300276,0.26828550931235373,,
,,479.3438716800818,0.25549130234265416,,
,,479.34644183013603,0.2426970953729547,,
,,479.34901198019014,0.22990288840325523,,
,,479.35158213024437,0.21710868143355566,,
,,479.4690951021659,0.18121396577690185,,
,,479.36186273046104,0.1659318535547577,,
,,479.36443288051527,0.15313764658505824,,
,,479.3670030305694,0.14034343961535867,,
,,479.3695731806236,0.12754923264565932,,
,,479.3721433306777,0.11475502567595974,,
,,479.37471348073194,0.10196081870626017,,
,,479.7084046294328,0.08810085618076147,,
,,479.5344911424333,0.9538421944637615,,
,,479.5370612924875,0.9410479874940619,,
,,479.53963144254175,0.9282537805243625,,
,,479.54220159259586,0.9154595735546629,,
,,479.5447717426501,0.9026653665849634,,
,,479.5473418927042,0.889871159615264,,
,,479.5499120427584,0.8770769526455644,,
,,479.552375103227,0.8648158376329358,,
,,481.20969352982974,0.8509575885408064,,
,,485.18157486633396,0.8459872039082539,,
,,489.1533134167242,0.8417276085517956,,
,,493.12462360877197,0.8396003810236208,,
,,497.0958981042913,0.8376508508144695,,
,,501.06706551022495,0.8362344125623891,,
,,502.5076346155918,0.8031845674434823,,
,,502.5484714442304,0.599898834480479,,
,,502.5538616200385,0.5730665393079147,,
,,502.8089133163873,0.4015889120223648,,
,,502.98119904168567,0.20285240176970265,,
,,502.72409836459946,0.8237977420224485,,
,,502.7318088147619,0.78541512111335,,
,,502.73437896481613,0.7726209141436505,,
,,502.73694911487024,0.7598267071739511,,
,,502.73951926492447,0.7470325002042515,,
,,502.7420894149787,0.7342382932345519,,
,,502.7446595650328,0.7214440862648525,,
,,502.74722971508703,0.708649879295153,,
,,502.74979986514114,0.6958556723254534,,
,,502.75237001519537,0.683061465355754,,
,,502.7549401652496,0.6702672583860545,,
,,502.7575103153037,0.6574730514163549,,
,,502.76008046535793,0.6446788444466555,,
,,502.76265061541204,0.6318846374769559,,
,,502.76522076546627,0.6190904305072564,,
,,502.77807151573717,0.5551193956587589,,
,,502.7806416657913,0.5423251886890593,,
,,502.7832118158455,0.5295309817193599,,
,,502.78578196589973,0.5167367747496603,,
,,502.78835211595384,0.5039425677799608,,
,,502.79092226600807,0.49114836081026125,,
,,502.7934924160622,0.4783541538405618,,
,,502.7960625661164,0.46555994687086233,,
,,503.12953953564596,0.4527661682595051,,
,,503.1321096857002,0.43997196128980565,,
,,503.1346798357544,0.4271777543201061,,
,,503.1372499858085,0.4143835473504066,,
,,503.14239028591686,0.3887951334110076,,
,,503.1449604359711,0.3760009264413081,,
,,503.1475305860253,0.36320671947160854,,
,,503.1501007360794,0.3504125125019091,,
,,503.15267088613365,0.3376183055322095,,
,,503.15524103618776,0.32482409856251004,,
,,503.157811186242,0.3120298915928106,,
,,503.1603813362962,0.299235684623111,,
,,503.1629514863503,0.28644147765341155,,
,,503.16552163640455,0.273647270683712,,
,,503.16809178645866,0.2608530637140125,,
,,503.1706619365129,0.24805885674431294,,
,,503.173232086567,0.23526464977461348,,
,,503.1758022366212,0.22247044280491401,,
,,503.1835126867838,0.1840878218958154,,
,,503.1860828368379,0.17129361492611594,,
,,503.1886529868921,0.15849940795641637,,
,,503.19122313694635,0.14570520098671702,,
,,503.19379328700046,0.13291099401701745,,
,,503.1963634370547,0.12011678704731787,,
,,503.1989335871088,0.1073225800776183,,
,,503.53241055663847,0.0945288014662613,,
,,503.8002201922838,0.07917609578929574,,
,,504.42111133092766,0.06325521560702008,,
,,504.8659971660002,0.04495296289204509,,
,,505.86118068489515,0.03269313295444354,,
,,506.8566140794898,0.019189421783676774,,
,,509.17571044851474,0.005509726727255693,,
