Scavenger Free,,Mn,,Co,,Cr,
X,Y,X,Y,X,Y,X,Y
5.7915211240926965,0.9809708650065065,0.6645942725586238,1.0591573273428827,1.1622495263269101,0.9998032928375873,1.167021092386662,1.021651612172915
9.297788744474765,0.9724250501788858,1.1719071760318513,1.0440242911722901,3.3044536519863925,0.9888552938805673,1.3343258314875897,1.0083673292048223
13.667264475507046,0.9763447908124356,0.8854496158958867,1.0312906835419595,7.515326344445242,0.9939465755885564,0.9238926240042957,0.9994893837762573
13.863089546599419,0.9637595699277047,3.55097184089761,1.0265385683330415,11.883109123839525,0.990114532521932,5.934869147868689,1.0311808233166122
18.631181906263706,0.974407415021371,5.937747356515935,1.0443597295396818,17.04593787461601,0.9897234287922263,5.932097822301181,1.018491319446654
18.628433484213282,0.9618227830842223,7.921172849970979,1.033779253505561,16.646783013332474,0.980530833911085,6.212774970981897,1.0047572487964735
23.396029601007356,0.9701984029670145,7.8041440574848195,1.0174869861998352,21.81144977135518,0.9885557027893475,5.5295456059831025,0.9937427211987596
23.393548386656278,0.9588372769126442,12.291106651344997,1.0397964327953022,23.59639720298862,0.9784127820895154,10.699999319323076,1.0282652317669072
27.877179064102165,0.9658903542350996,12.28835822929458,1.0272118008581537,27.37075367191605,0.9850871778020631,10.69725089727266,1.0156805998297584
28.952766399028064,0.9549754821773241,12.001933388468736,1.0146280102746938,30.943759596253884,0.9790464406090327,10.297097824369416,1.0019173365436667
32.75615171255846,0.964677346576684,16.88584665275377,1.0360373766937716,32.136717913117664,0.9859906724721733,15.464847014066727,1.0240562197125507
33.955314428604524,0.9480740504437566,17.05312957898127,1.022653215694432,35.211572340817014,0.9720860126873805,15.462098592016304,1.0114715877754021
37.69041999512439,0.9568722205852146,17.289432799271765,1.013563608113837,36.902462662280556,0.9858891444528585,15.629523301921004,0.9987366339791693
38.34927783665546,0.9428873330519977,21.82118376611708,1.0331262742334155,40.39608117914261,0.9800409080490117,20.2300000890382,1.0212455000956553
40.46512383140086,0.932481250940838,21.817481030854694,1.0161719784292014,44.84419995334535,0.9803598100770666,20.227251666987783,1.0086608681585065
43.48546788843353,0.9417534649912351,26.586565876259414,1.0313642739446158,49.60965840854466,0.9789473828976321,20.22480862516519,0.9974745286588189
44.21731854487439,0.920338338613812,26.58295857231822,1.0148469445271082,54.37505960495123,0.9772727758861737,24.998130621230956,1.0320681317440041
46.81324712774034,0.9039430651124923,31.635646218050596,1.0297013103333743,59.14086161290683,0.9774334276988825,24.99538219918054,1.0194834998068554
48.010935657091366,0.9325462642100544,31.167998041895913,1.0139037985148518,63.7261596146092,0.9776740633524312,25.04905277422067,1.0054504681458845
49.08609764098567,0.9196837705429581,36.1178645119428,1.0302872851325728,67.74492408350616,0.973795651173545,24.910761338050406,0.9957127639490521
49.90775150068258,0.8890886728191656,35.8313742324967,1.0174038604553715,71.05557658170247,0.9787963832814096,29.763283696202436,1.0292574121271085
52.25956316150234,0.9026850942664917,37.702787894351275,1.0135030643023835,74.36396417654242,0.9734264464781054,29.76053527415202,1.01667278018996
53.964590406226804,0.9162734461971037,40.8827885517434,1.0264278461875815,78.20437502495707,0.9794743273871798,29.57639099677391,1.0000844825887933
53.594663902975924,0.8755969188302073,41.674400904189,1.0141467349307987,79.28036044482282,0.9703822293996657,33.9479598547844,0.9952198628110447
55.74869804223373,0.902285221294254,46.44307539491257,1.0274600749833749,83.76350142326051,0.9751930449206213,34.52545931395261,1.0128133412449687
56.73805363532773,0.8862019135255419,46.44032697286215,1.0148754430462261,83.7610736504493,0.9640766200428067,34.523321652357836,1.003025294182742
57.725920499811096,0.8633019301242075,46.0405486269468,1.0028280011052688,88.72787310710605,0.9753356291302798,38.59224598041823,0.9946234661325405
59.674864748291924,0.8766848085265904,51.49160168971899,1.0232602093784542,88.44749970268764,0.9644822086111042,39.16143655255438,1.0246850848531348
61.010653851170815,0.8506492856477477,50.92116014929242,1.0091191628612268,93.61210538466479,0.9722274190018745,39.290383353753214,1.0089539022999774
63.48436093830982,0.8624109178709096,51.75936343605008,1.0023449419357466,93.12105397832319,0.9579063564493694,43.25929565720112,0.9972314241845973
65.47364591488625,0.8786601779805709,55.97452672070986,1.0270822323900624,97.92829862802982,0.974638326099353,44.456984186552134,1.0258346232821594
65.4959239897757,0.840785185485486,55.971778298659444,1.0144976004529138,98.13701583440682,0.9604683345223276,43.659534618293435,1.011387957218725
68.25058284407868,0.8644942217851275,57.04749105760749,1.0041570270748095,98.15441105563427,0.9491945428505403,48.204945797966104,0.9943089413532835
68.95772893413448,0.8291502602170058,60.79588066403771,1.0218243327368723,102.82626665375254,0.973808128137139,49.14181208226488,1.0189224814277447
70.63651856407049,0.8784700787887503,61.450895077272904,1.0075597979342124,102.82351823170212,0.9612234961999904,48.42407693280926,1.0057806527269075
70.630410959514,0.8505042300395311,65.83128433419705,1.0008349981244185,102.82067056107768,0.948184419220667,52.789746862752295,0.9922741738586003
71.03771183837475,0.8969962756899436,66.29889780805313,1.0204097180378466,107.59149607378099,0.9713469816296088,53.98800289036001,1.023475866402444
73.72516472630895,0.8367917765701309,70.48759480630146,1.0047830191483522,107.58874765173057,0.9587623496924601,53.58744582486371,1.007862778745961
73.40379784355797,0.8200831242586041,70.32056999907606,0.9904843004569245,107.86934845535434,0.9446787059329145,57.7363693619245,0.9938039812656565
75.00620424400938,0.8833511454730545,73.05056453403351,1.0211587546606544,112.35680183886636,0.9692354082314437,58.536035250321504,1.018398860625209
75.00284506150331,0.8679699286609839,75.31697225156752,1.0073988189284022,112.35405341681594,0.9566507762942951,58.352369864664325,1.0040033398009698
74.9208199323097,0.8560846785215988,75.03025293695055,0.993466674923105,112.45885574672944,0.9405764478940741,62.5197506868017,0.9917996097126301
78.04112384483263,0.838130659465556,75.02758085995708,0.9812316160953216,117.12256567429348,0.9692212734894701,63.12179826282534,1.0207687143085278
77.88609248250711,0.8210186721671678,77.80587927599856,0.9732997136835583,117.11981725224307,0.9566366415523215,63.11904984077492,1.008184082371379
77.78882887994504,0.8952283859253214,79.40349629654362,1.0146378485038294,117.11617177577342,0.9399445255801313,63.116759489066226,0.9976968890904219
79.35848325096231,0.8085295432220843,79.79800174385853,1.0025414410246276,122.1716263844986,0.9674684196501062,67.2672307486453,0.9907248919181582
78.18315109912328,0.8822930029836431,79.79525332180812,0.9899568090874791,121.88519936238542,0.9548746412635217,67.48949897128338,1.0165608801493358
79.37161460075876,0.8686561180329053,82.1746233669017,0.9738693786856912,121.70114531098373,0.9386994755188778,67.68601114788837,1.007121817248892
78.17765425502243,0.8571237391093458,84.36526843119981,1.0028774683396016,126.75249258043199,0.965128922135361,71.85273349390951,0.9919030190922772
82.83966515804622,0.8366598719432969,84.95846952374865,0.9913397888878019,126.7066732765171,0.9501660707821915,72.93461384281593,1.009802959049322
82.93540185946915,0.8204044278840221,85.63386152332909,0.966468139858393,126.24953134520528,0.9352418936535886,72.65366948643587,1.022313523816724
83.72706192757536,0.8083417998205924,87.1116946037016,0.9788985797094885,130.79792258477158,0.9318081463184834,76.61817286284456,0.9904031986355013
83.34568019555121,0.8805298247996789,88.9302600358438,0.9927962169954914,131.71637183866022,0.9630167597896137,77.4161123118854,1.0070929588173625
83.34293177350078,0.8679451928625301,91.24143867606419,0.9675501674441949,131.41535282221446,0.9485540558110002,79.9995431510905,1.016130506703619
83.34018335145036,0.8553605609253816,92.89854630982468,0.9782072393833161,135.3827573107875,0.9299275087856566,81.20347954012159,0.9906835585060233
85.9379547916219,0.8001702082073594,95.78329634035855,0.9617528470460736,136.05362041252488,0.9709129927001234,84.16763970813685,1.0072040245155787
88.62779109952469,0.8201544959804212,98.45123681982672,0.9444569437972681,136.3806444639963,0.95290899598851,85.36065528379335,1.0144104362107433
89.69637695651893,0.8637751658661865,97.7669015421457,0.9283786000153204,136.1798951367303,0.9429467513191828,86.54718471065263,0.9919176991560862
89.69285554076681,0.8476511061967149,100.44151428214359,0.9652506543286775,140.54576356382137,0.9303491625352251,90.30600351456035,1.010105550628758
90.16677511632746,0.8354845485166071,103.21702610360616,0.9445593334250828,140.1565755497234,0.9667933370817158,91.09540446302664,0.987698736465475
90.23226860434174,0.799650398325183,102.41919481006268,0.9283648018148223,140.94756759858132,0.9516719443113402,94.62768550482319,1.0156064578730175
93.20355244686995,0.8160892033399785,104.80963488841489,0.9629654722709943,140.54813026058702,0.9411859289255475,94.88966356776807,1.0028462541177432
92.86682493865943,0.8329596124420591,107.58560986988967,0.9443948948975488,144.91367422118606,0.9271026544267875,95.71677203391089,0.9877803681697517
94.84481848131203,0.7975070096766015,107.58286908234494,0.9318452202713366,145.71294970872367,0.9499099440225405,100.05349053016424,1.0070258187929881
97.89395183518367,0.8173692683415912,107.50166847976645,0.923735359713096,145.3134360256724,0.9390743555273824,100.64506929025275,0.9880597107671771
99.6100975256275,0.7952730856901586,112.35069423430987,0.9412695594822245,145.30763380134374,0.9125067992156243,102.62973539088334,0.9831597977602414
102.00391587275,0.8453423662357423,111.95049344574603,0.9272878130027794,149.86066560579258,0.9303215355395494,105.0826957087945,1.000951631558574
101.80191639517632,0.8296558619005595,116.71539203719432,0.9233118496879998,149.61639394454437,0.8982014643680769,106.98018038135437,0.9825987002598897
103.10813260403445,0.809647653663091,117.39943647656311,0.9380584863866512,150.47833181886597,0.9481479437337407,108.39479876307298,1.012594252744378
104.77278885530144,0.7942527503635954,121.26456263255044,0.9234466611776648,152.0531967400205,0.8853074657446809,110.3781669977353,1.0017515968782333
104.78398294927764,0.8455089075242738,121.88229825022107,0.9415908631076426,153.93656658311625,0.9361523154690706,111.56519902955289,0.9815602161268974
107.87512864868084,0.8152756289062724,125.85109603608355,0.9293440253282146,154.04698607495732,0.9221815393068914,115.03225982770907,1.0099777362556304
109.14120529866845,0.7933221641047026,126.24493473656771,0.9141946793605564,154.83101799945598,0.8751907313993849,114.74571501607944,0.9968446165003109
111.1067278762673,0.7007667939244331,126.6485583285184,0.9438489535765431,155.06512102791459,0.9079833452426015,116.29493667367139,0.9819037064190623
112.72302907708475,0.8276571210433572,130.61670718139675,0.9286307443675106,157.2189514151048,0.8983137514313981,119.91155557935285,1.0102441719350639
112.32259925335005,0.8126266552358163,130.61300444613443,0.9116764485632964,159.38067905396588,0.8775712852886084,119.51117347127875,0.9954321893208764
114.3053471844246,0.798943717856079,131.41405495624622,0.9426113129517912,159.06398240656273,0.8602047856664862,121.2294207714849,0.9829589775411367
113.5087113272313,0.7882229185166292,135.38132584096957,0.9233730129850584,160.79545012579842,0.9082659839918272,124.27968572875629,1.0080026865160514
117.33208704860381,0.8375014191435491,135.41391823983008,0.9072925428728786,161.5869956763192,0.8956789962643497,124.5152713055114,0.9956270917074233
117.48647711245088,0.817039268650638,136.17920803121768,0.9398005933348956,164.01100213137977,0.8819219223810897,126.25969478091254,0.981778813837836
118.80612687028925,0.7979253456881235,140.32865904321739,0.9281570282465692,164.2468138349226,0.8648087758842856,129.04522052901257,1.006939832445982
119.5460326242849,0.7913511724944164,139.82579150419696,0.9069648417299865,167.74188645245874,0.8915969514929295,129.04247210696212,0.9943552005088334
121.46759190083559,0.861190225848802,143.63691384392803,0.9001368583037854,168.91109069889666,0.872432892533213,131.0252868399615,0.9809781395997907
121.86176142989989,0.8475556966883933,143.32327308094096,0.9188050046600209,170.38266606248374,0.9034434007372762,133.99036054598787,1.001681565656637
123.44691384747922,0.8318201951862996,145.77676654183324,0.878422007578316,172.31454500944756,0.9166215796568236,135.3940182066885,0.9814895424170295
123.36441537893249,0.8177675917688498,148.47553376720833,0.870024243266432,173.8979414907169,0.8928458966393293,138.57628249501937,1.0047791669949069
123.44126431326448,0.8059517850932718,149.19518517759354,0.8919403570123363,173.49728263181134,0.8767667115036928,138.88754892673506,0.9752392969374126
124.18886055933088,0.7941805988315536,149.2626894769541,0.837336801750453,175.48759826665668,0.8977352085897847,140.55916212131717,0.9916992432288246
127.01948078773957,0.8237694126144188,152.84455142789886,0.8718465452437903,178.397159283958,0.8846758412756097,143.0775565151278,1.0060242807100912
128.20794428937506,0.810132527663681,154.04130473030216,0.8961674737516281,178.39298575417774,0.86556584463031,143.53441487908515,0.9763528888416912
128.99933714978192,0.796846393717473,153.64153656372775,0.884166641558586,182.23856261811306,0.8952681726064322,145.32383803968264,0.9867036916783964
132.97363177974523,0.8097688198123423,156.16176323890534,0.9068814336646185,183.31353373936497,0.8815317461659229,148.4243215030022,0.9992267000668573
132.9809036464203,0.8430656584793813,157.6904203143372,0.8749258969406661,182.89401038043343,0.8656690195215678,149.07611603867286,0.9749421318343143
134.0484938366301,0.7955330032155967,158.17006576916947,0.8889773224629516,186.71307006125272,0.8605472633597416,152.8729327028223,1.0018003486503182
134.43404400876403,0.8290259791894306,156.9407882000853,0.8369644560012415,186.80548575269802,0.8940311209292626,152.87014610824338,0.9890409301584869
137.9101511508477,0.812271106645585,159.47980666571078,0.8591298628451682,188.10290637478607,0.8741598550017434,153.52930933000232,0.9764543350627308
138.53171415939482,0.8007071250752141,162.69346458678382,0.8702966904179728,191.16657307059728,0.8595415161713067,158.0350164530846,0.9979979939950566
137.74283114273538,0.8254854749918045,163.0316299269004,0.8426910463726218,191.90076757812386,0.8874323777149399,158.71253884330207,0.9828810993507919
143.6958924825645,0.8064955205378785,165.41310455073068,0.8362401813523357,192.4801756637159,0.8733545062649251,158.42623397327998,0.970846637939192
141.70834609114877,0.7982069935096712,166.17470102605125,0.8597092750855934,195.5538901209057,0.8624959047917155,162.40426951103416,1.0008981463929578
147.3526430349924,0.8202133732883458,167.3236604224361,0.877738403626791,196.4017667560272,0.8874190282364093,163.47974232837458,0.9894589146711343
147.9556343400269,0.8039087556753338,170.79306436936963,0.8602049558068987,200.10607981624145,0.8764547437880967,163.32473641440146,0.9724634517425346
149.26261313189718,0.8369872286410878,171.91109955596312,0.8877829760293556,200.89805798875165,0.8658486703470223,164.06488138290894,0.966984607624839
152.4350938011791,0.8154790592538099,171.98766601358437,0.8746737488491263,201.2998620235116,0.8871714521231373,167.96322031570656,0.9958128457748594
152.69765717622727,0.8053989160036692,171.97946655446725,0.8371295969032995,205.20159067683812,0.8709047199018698,167.96012834089987,0.9816551348455672
157.59737859342476,0.8125972471198768,173.49155675253962,0.8505487283012998,206.4635744683223,0.8908266571343344,168.79592857610282,0.9696506380897911
157.40475619747173,0.8398470599424794,176.4325744781421,0.8602931016283729,209.5548804923451,0.8613274820459998,172.3250806273075,0.9648626687492265
157.99725109824368,0.8250758292290514,176.6765198386339,0.8861957622952386,209.0631072980222,0.8437014554395245,172.7284879082635,0.9935264858220118
160.03518423575622,0.8042951409830713,176.43552903184627,0.8738215809608076,210.31835091162083,0.8760582356073898,173.68980305258117,0.9789414326573767
163.47608692704756,0.8168515976678861,180.82295175065406,0.8607281697001957,210.70038157662913,0.893435891239486,176.77271461039857,0.9629617815328122
164.15631222311947,0.8400892155567075,181.44068042786495,0.8788405922565949,212.46565379644136,0.8365001409454584,177.49303022277934,0.9879191813301944
164.82427039543978,0.8071574262327224,181.62986347900215,0.8358425108570882,214.31826694269864,0.8504276406783927,178.2053296041796,0.9761714046442262
168.32216996137066,0.8209115019365314,185.58963172676465,0.8649089122706051,215.3548343190143,0.8686722944598306,181.63937884928276,0.9620702362522077
168.72167028403686,0.8316859151375504,185.40539375318025,0.8478915931261266,217.50297809010493,0.8849210834114262,183.44805918293997,0.977938679285818
169.68122949204462,0.8090606804575149,187.18911966390243,0.8321555026764507,217.57080685595758,0.8318032138643452,186.62171047642858,0.961790630908807
173.48460935235664,0.818737575349063,190.17661626017974,0.8728719357037675,215.9972779732998,0.9007612212672965,187.8177066903504,0.9826449594154396
174.27672749080455,0.8087723859418248,190.1738678381293,0.860287303766619,219.08513014694586,0.8554473587112785,188.21233428975643,0.9711078689112222
178.50270054148336,0.8168794873698771,190.1713484512498,0.848751391157566,218.76390831980314,0.8394028953075456,191.16955313049095,0.9558449889204221
181.6907104893961,0.8113721968856606,192.55075666887183,0.8328387473104608,220.2800066333657,0.871174614947221,192.45070647173088,0.9808833517583614
183.02004970737988,0.8366249277200843,194.8848486419721,0.8692124210920085,222.34804153619234,0.8843124388044987,192.97809812518358,0.9710937341692487
183.6399415771624,0.8174090404807864,194.93871553287295,0.8560782917122625,222.10921238516028,0.8298795848577197,195.72475836659623,0.9581782647030859
187.78506917850166,0.8332024551617996,195.4465410388715,0.8432923892759794,223.92962482235902,0.8522343944395802,197.34786015017943,0.9763243739629182
187.78212989380887,0.819743890451238,199.70730413540747,0.8689983620168028,223.60862057862857,0.8371862143975382,200.52137147773027,0.9595354415520709
187.78010674979953,0.8104802030530591,199.70455571335702,0.8564137300796542,224.61367925929477,0.8670268085692199,202.1143110911192,0.9794563972052317
192.73077761912833,0.8305469190685466,199.70142556602184,0.8420812325956792,226.71665838533386,0.8842994819576897,202.50467291046778,0.9483869092152315
192.2627231286316,0.8128889519225193,201.20829376219842,0.8315895633130972,226.70490124656266,0.8304652231154428,205.68577866255936,0.9663717618584916
197.3124933025445,0.8143846310494709,204.47283893566373,0.8679355079467335,228.61560425601414,0.850594980318091,207.27600039192055,0.9738479148182497
202.07938322756178,0.8195266996706345,204.4700905136133,0.8553508760095849,229.49449873103362,0.8742701408897349,207.00629875404707,0.9512429723427406
202.07728373849545,0.8099134391630904,204.7508985395345,0.8422160735468877,229.0937380787188,0.8577248582749446,211.96126599929318,0.9689399921241958
206.84487985528955,0.8182890590458827,207.34490180582344,0.8347175228170933,231.78923010115045,0.8343304075712917,211.24259371426342,0.9515071535059005
206.8427421936948,0.808501011983656,209.23791566557827,0.8647752152204727,234.1813283941397,0.8765238059628766,213.9629875856478,0.9382215407315608
211.6093076522199,0.8121573948900174,209.23516724352783,0.8521905832833241,233.85988363943068,0.8594585890797972,213.61890041394668,0.9213931020908324
216.37572042063118,0.8151146315776483,211.64516927455088,0.8364795256227631,233.93682418783106,0.8480622701354575,213.61581607364565,0.9072703484724767
216.37327737880855,0.8039282920779607,213.83253569618324,0.8604668299470823,234.66267099958822,0.8983462417063512,213.4801814454574,0.8923789266452391
221.14046123229502,0.8104162171701805,215.7653902734853,0.8308790212560988,236.23650526247383,0.8307865267408607,213.6096092205151,0.8788500546810827
221.13823959113762,0.800243639687652,216.78075003404746,0.8512068772244448,239.02541564143223,0.8714452865308657,214.83057281289678,1.0140264423871275
225.73529721034686,0.8070966244061376,219.16529245674985,0.858803024982152,238.62488402428824,0.8559487232441713,215.62196567330363,1.0007403084409194
226.1414289191925,0.7962786220727525,220.35171372811175,0.8358150593558941,238.62213560223785,0.8433640913070226,215.81745673477184,0.9866257052027156
229.73919736275406,0.7823898900481281,221.40819571253434,0.8240138258610453,241.3194293680137,0.8282195659843894,216.01292870997577,0.9724237086871707
230.27332646748312,0.8034500993604978,223.53352758060657,0.8570422025885167,242.20508547024423,0.8828552516088146,214.81797587849906,0.956346879341863
231.675982388497,0.7603027633746419,223.7690368123047,0.8443170346705233,243.3937780070505,0.8702670859861725,219.90713737519212,0.9823400416205317
232.940647163898,0.7419871959417285,225.9470238661595,0.8318975436354328,243.39102958500013,0.8576824540490239,220.38742412850297,0.999327881261485
233.03707097083355,0.7288779098667408,227.89436677707067,0.8214164852251238,243.38828116294968,0.8450978221118752,224.51399660907083,0.9821166341710047
233.4315726008956,0.7167640237320709,228.29852796546407,0.8535323367528908,245.76738400034395,0.8277868858273091,225.43656990891435,0.9979645517439851
232.6534027043536,0.7905962202203385,231.07636831116383,0.8435029956849359,248.15954184247767,0.870252951244199,225.43051683654141,0.970248398072884
232.65065428230315,0.7780115882831898,232.26301225560854,0.8215346182943266,248.15679342042728,0.8576683193070502,229.9171958630472,0.9912594302621373
235.0170647539784,0.7025841225666526,235.44648661309225,0.8503649766556431,248.15404499837683,0.8450836873699017,229.63056379992395,0.977726798381829
,,235.4437381910418,0.8377803447184945,250.5333386984135,0.8286466838587485,230.99021473212838,0.9685839200250025
,,237.0287379185072,0.8213456969976705,252.7266749259693,0.8699772256177836,234.68257797318955,0.9894974299733375
,,240.21171603312064,0.8479038301481129,252.92217553056958,0.8559063190182505,235.75807260340338,0.9781580762827612
,,240.4472863408643,0.8354583207176116,253.31729937284587,0.8466414537249072,235.47137510165993,0.9643258103087113
,,241.31679546354866,0.8161592937112886,254.78654363431076,0.8197449187724132,240.24149060533352,0.9842373428005564
,,242.5900935924738,0.827271949324577,255.59866145107208,0.8364096673787782,240.23874218328308,0.9716527108634077
,,244.9768691080921,0.8450931105312174,257.5206019075857,0.8690266501974986,240.23618462387503,0.9599420116996722
,,245.94518816776485,0.8153447256643716,257.6879393659967,0.8558921842762769,244.38693697207293,0.9542570791573441
,,246.56270863118408,0.8325037670134109,259.0696894655808,0.818046772554414,245.0071017506467,0.9835240618398523
,,249.74255659846227,0.8447294026798786,260.35213100572,0.8450475091612788,245.00435332859632,0.9709394299027037
,,250.53102926044056,0.81807209730045,260.0654771297234,0.8314149992497234,248.85898253499926,0.9554968316648405
,,251.59377153953358,0.8349358587735509,262.5893174709302,0.8706762518657103,249.90417908403833,0.9786155109350438
,,254.02430804179915,0.810668260559928,262.53305625362407,0.8555282408459052,254.13873401316494,0.970912338313921
,,255.92553553903872,0.8393675864977346,263.9775614447041,0.8192682077722804,253.41965519070692,0.9516180228882558
,,256.33151673905786,0.8278604257487439,265.1506076074092,0.8389507013539074,254.14090984728819,0.9808751719308303
,,258.58164154318445,0.8151165709403938,264.82975223653983,0.8245841888751276,257.23144173243344,0.9478313255135323
,,259.13338032934644,0.8065980569068417,267.6192352034254,0.8678647469853719,258.90403977825036,0.968800764915756
,,260.86083993309194,0.8363066669905077,267.21877993133836,0.8527177568080426,258.9062156123736,0.9787635985326653
,,263.63840034691617,0.8249955578548804,269.7294634743964,0.8317359102434199,262.0780091761429,0.9541092711611001
,,264.1637370459191,0.8057965974053534,269.4240178079518,0.81865278559397,261.6776938699937,0.9396031650176071
,,268.0082412618042,0.830587423194894,269.6091436646336,0.8869688541548493,263.272503937278,0.9680886618502162
,,268.79973337078513,0.8177557342908608,271.98859005478414,0.8712309968624267,264.4659298676156,0.9771740290082191
,,268.9766942723496,0.8014523802381162,271.98584163273375,0.858646364925278,266.72958261923714,0.9507994979294441
,,272.77372262052063,0.829279867948269,271.9830932106833,0.8460617329881295,266.26185710653124,0.9346478730910451
,,273.84871555464593,0.8156433195390069,274.7600428640519,0.8319540389775801,268.20751385754,0.9636793889211521
,,273.16482880417453,0.8016187177745799,274.36017290406824,0.8194871093053845,268.83462306181406,0.9775106452707754
,,277.85796902244687,0.8327675134460035,277.1492868698451,0.8610780640536967,271.39041265261375,0.9426410696771075
,,278.61467570593373,0.8165280870782581,276.74885704611046,0.8460475982461558,271.20624408362664,0.9259415442684156
,,278.1290802445554,0.8012107243369883,279.1275972444841,0.8270761896921048,272.9841642997902,0.9662802120389713
,,279.31908973359424,0.7946526948508965,281.6503878411578,0.8615308120543197,276.2951383726204,0.950711200664306
,,283.2797949434194,0.8280093116975322,281.51469722659454,0.8463830366135475,275.9736493377783,0.9334432313777947
,,283.09534528581344,0.8100227216589047,284.0019011944087,0.8281025081906965,276.16902588166107,0.9188042684755431
,,284.0669263615561,0.7952106423740282,286.0090162120143,0.8157820400655584,277.57017716884405,0.9697941231711218
,,288.1828882672991,0.8286049340190302,286.283998891961,0.8625681197595592,280.1209418668041,0.9119162811065056
,,287.8615671915823,0.8121060255731225,286.2803083719077,0.8456697556528434,281.062368033141,0.957408869622145
,,288.65304594017823,0.7992131613749505,288.8805701151276,0.8307469145627373,280.74094007434456,0.9404205588231259
,,290.24063185644803,0.7946203027338739,290.72112474141267,0.8125519897701132,280.7381916522941,0.9278359268859773
,,292.91425756392385,0.8269728761332946,290.9175580281254,0.8633677177504302,284.6492780283161,0.9111197154789743
,,292.6273310270094,0.812091890831149,291.0463775875627,0.8470539133483308,285.3403916564111,0.9582351574709929
,,295.3249378075188,0.7983806152569133,293.5581808581228,0.8311991390543984,285.5076963955121,0.9449508745029005
,,297.3963013548287,0.8267598266825156,295.03985244491207,0.8079167457796409,285.50494797346164,0.9323662425657517
,,297.39355293277833,0.8141751947453668,295.9736203798588,0.8590366565617065,288.1990352468453,0.9025396466497785
,,299.8804723417438,0.7945917120057908,296.049330245941,0.8420052190943992,289.8712744708945,0.9218660924379856
,,302.5642763986528,0.8499328636332717,296.2150142885471,0.8732565839135857,290.27567423759086,0.9550743599325189
,,302.16359209139495,0.8337371541278467,298.58764052027624,0.8262901955178684,290.2729258155405,0.9424897279953701
,,302.1608436693445,0.8211525221906981,299.1588241610962,0.7965959541688181,289.87325944237534,0.9309549932814818
,,302.158072343777,0.80846301832074,300.17315430445854,0.8122093400667703,292.7550007836192,0.9007242424978908
,,304.85525159196743,0.7927941333340587,300.8638065902808,0.8572123616979104,293.041961031338,0.8921429549806243
,,307.3290113935505,0.845207815084138,300.5770654627904,0.843180339661366,295.0410563477333,0.953312359643719
,,306.98491549670007,0.8283394252309106,303.2652512632714,0.8267424200095295,295.03830792568283,0.9407277277065704
,,307.00496196362684,0.816216162489829,303.7432476648734,0.7928323887514557,295.03555950363244,0.9281430957694218
,,307.16125556422736,0.8044700348570911,304.9494995647797,0.8606460382828189,295.032811081582,0.9155584638322731
,,309.4830425583256,0.7892242935978719,304.9463388794217,0.8461737115550979,297.810753220691,0.905995220243472
,,310.90641806510007,0.8593174706952322,305.7378386229083,0.8333769799620012,298.4887118683767,0.8928758862241515
,,311.07262398070264,0.8410018319030614,305.733181574434,0.8120530202907217,299.80613307764776,0.9501520669174582
,,311.69305844571136,0.824270410691038,308.50845799863765,0.7902838489665842,299.8033846555973,0.9375674349803096
,,311.69031002366097,0.8116857787538894,310.1112938400345,0.8555182189212142,299.8006362335469,0.924982803043161
,,312.0849757955955,0.8003234748043546,310.10811597703866,0.8409672382438861,302.5785529243036,0.9153030350845714
,,314.06777144233064,0.7868590206179706,310.04802532803035,0.8256036683580216,302.79030172348774,0.8929720860950294
,,316.6579779053406,0.8269211819603921,310.10179842357553,0.8120400634439124,304.3721591578135,0.9448075312052471
,,316.45603568655963,0.8114968574572332,310.49665505815244,0.8015516922677909,304.9654175091551,0.9335320315854714
,,316.45324909198075,0.798737438965402,312.8756052054328,0.7835416097644943,306.14571208969625,0.882490823932653
,,319.14202020456503,0.7849795798186989,314.55472566394894,0.7939655675254184,307.3457418674606,0.921814265050749
,,319.6414950155241,0.849416116662046,314.73711400501696,0.8208821734375797,306.94508300855506,0.9057350799151125
,,319.77074719695077,0.8350832265463497,315.26440386506044,0.8106264583693135,308.0203049778512,0.893147250833946
,,320.8271566535693,0.822949898597604,318.17082455568567,0.7831879838232483,309.33559943196417,0.9406853234806496
,,321.2201351997451,0.8038620289310974,318.84743771262947,0.8505021490914071,311.1100017026056,0.8822576170497438
,,321.6146711850828,0.7919054506956418,318.7443222614517,0.8329713521305315,311.9358611751841,0.9257624823905435
,,323.9953772686731,0.7819355497077456,319.1196765512292,0.798130262053243,311.7118393297226,0.910265395594887
,,325.98515848811974,0.8004570350282809,319.766370080352,0.8150410349427426,312.787312147063,0.8988261638730635
,,328.36422315298546,0.7829713121890323,323.12126453905427,0.7801553182193448,314.1802124422156,0.9380141975284673
,,328.99850661132604,0.8296524530158631,323.60739168922225,0.8238855007267388,315.6468691096237,0.8832827973510754
,,329.5719256089739,0.8574268507983348,323.88472056183355,0.7948201522801114,316.7978096030349,0.9216464019020887
,,330.7582132764862,0.8338271322306878,324.6826136585184,0.8112976716455724,317.55484282523685,0.906902149662114
,,330.8297867673825,0.7978558236979717,327.72771150962546,0.7780442159792456,318.945518207301,0.9359026241303023
,,332.46708285886285,0.778414690183918,328.5483049662261,0.7992735954279909,320.66622381834105,0.8942749888540537
,,334.0579993282424,0.7890719584388999,329.16622797630924,0.8182758404445925,320.4418278821005,0.8770649938225075
,,335.52294645364435,0.8290937605122835,332.3653266433338,0.7787645653176842,322.35860032358005,0.9249858132196924
,,337.8980411755484,0.7934302359860422,333.4528807723027,0.8066572919458903,321.9577887745605,0.9082074818653254
,,338.0749812557338,0.7770315438125617,332.734595938437,0.7909985368576236,325.36977152201945,0.892256818179856
,,340.5538184993515,0.8306519194990105,333.93390043816026,0.8270010334367499,325.008600235198,0.8751375352543415
,,342.6632705955769,0.790969089478512,333.93161008645154,0.8165138401557928,326.80754744165074,0.9290975834843602
,,342.7393179068108,0.7754827651545989,337.32075039286923,0.7767922573843833,326.80479901960035,0.9165129515472116
,,345.2146384194868,0.8350427200404161,337.85536428870995,0.8000722559412222,326.8023178052493,0.9051518254928413
,,346.64283303447013,0.8280120601195826,338.0297363987977,0.7902836853700336,328.636067079427,0.8704909574550066
,,347.4284236705483,0.7881583698616164,338.69989330875825,0.8280356180228721,329.976859791069,0.8930821300584249
,,347.42482781836566,0.7716934764105137,338.69714488670786,0.8154509860857234,331.57231879133747,0.9245389983206385
,,349.0119728419316,0.7650818330628528,341.8666003831079,0.7800909822398479,331.5692649890592,0.910556073946029
,,349.42606843086145,0.8426858854467716,342.9486266056053,0.7986588565308583,333.151020051604,0.8792645690771821
,,351.0110204426663,0.8260327545325941,343.4684819112927,0.8409556883274123,335.14221365460435,0.9042531569209744
,,352.1939584708046,0.7870955157915471,343.64459607677105,0.8207752506980714,335.6897756721048,0.8655887219719487
,,352.19086649599785,0.7729378048622549,343.461076440768,0.807047096718984,336.33800628170764,0.9241752904692997
,,355.3783871415001,0.8202955380199293,346.6007434173006,0.775172830734388,336.73232850088584,0.9112399075276214
,,356.95857713037736,0.7818377844090949,347.71347430034893,0.7944498444765018,338.2366009651259,0.8888627525266211
,,356.9562104336117,0.7710010180187725,347.24331744545253,0.849823655301227,340.36352844488846,0.8685811908127212
,,360.0117890068472,0.8203750154055078,348.2303903213436,0.8232881115624942,341.49961923745207,0.9182172349729526
,,361.40524916575083,0.7755322760146786,348.2272983465369,0.8091304006332019,341.0991130686605,0.9028371960560464
,,364.72880351587537,0.817566557188689,349.0281427249949,0.8391214176264106,343.0823095269446,0.8912080006938299
,,365.21671505823815,0.7702773715806212,349.7503495135008,0.768825071715032,345.0635973588048,0.8708394775974824
,,367.4948820958307,0.836339975248214,352.3544205115149,0.7944360799301513,345.86910642024293,0.9221894115729072
,,369.87226716944343,0.81116364400293,352.43046018824316,0.7789147982953017,346.1039590844512,0.9064579149143728
,,369.4844065182676,0.7710274195275599,352.9393370747403,0.8228996024740813,346.6677978680948,0.942322466882016
,,370.4721102819475,0.8300388250659062,352.75477399019263,0.8091169726283269,347.6492708340581,0.8901457355713429
,,373.4649782983035,0.7654587595154817,351.80849227823325,0.8405813794195933,348.28215990446546,0.8582802489327142
,,374.8358887631044,0.807871672413075,353.85812802233346,0.7694720839198483,350.4535202073765,0.8711480954789468
,,375.6226818338297,0.7735237586276114,356.96031779767594,0.7898080513026224,350.81464620769833,0.9187616367016929
,,377.78153872503765,0.7868698086419372,357.4861978190009,0.773096886148078,350.63025901422986,0.9010610610252732
,,379.1248758092143,0.8069413217332151,357.76052087765555,0.8168626541771631,352.6127492807372,0.886198314401428
,,379.28144425201987,0.796453657294192,358.1547514827654,0.8035077835042465,354.99197935989304,0.869469999965804
,,380.09906233353706,0.770995937602255,361.65532503431615,0.8295056573635728,354.5921857449663,0.8573526434029735
,,383.9707561474112,0.8100731093964957,361.857893918773,0.7871833780456668,355.3990766519353,0.9150298506579091
,,383.96800772536074,0.7974884774593471,361.5894392501631,0.7702881296897899,355.39632822988483,0.9024452187207606
,,383.9652593033103,0.7849038455221984,362.4692353239504,0.8154104440559673,356.9819387178059,0.8888071558748583
,,384.7568334832274,0.7724479477107329,362.6026450390501,0.8027954448596739,359.36207221346905,0.8762154565667228
,,386.74073613328846,0.7640523036101448,364.8411170096003,0.7650348855270119,359.35833130567823,0.8590863742078262
,,388.9344636292612,0.8071744075546767,365.70959111144094,0.8449098169559025,360.1645351071345,0.9136174234784746
,,388.7327790750474,0.7929298922956254,366.3023532199123,0.8313620921252527,360.1617866850841,0.901032791541326
,,389.80837186319167,0.7820399897456616,366.6506126489761,0.7893598229293712,359.7702892330133,0.9269023795295182
,,391.42713355613046,0.7643268022624303,366.8856485413211,0.7744673017333132,361.918104720359,0.8896914186018963
,,393.8987436990384,0.8068975040330969,367.2334875272498,0.8084747617485621,364.4362700789988,0.8741029670278744
,,394.5764914889478,0.7928126823783868,369.6638833364818,0.7662440883970789,363.7265950589313,0.8574566417302028
,,394.28963039065354,0.7782313311699828,370.47247673822085,0.8317167759908595,364.75905697980915,0.9088595870644718
,,395.87494504147895,0.7632386725252902,370.3372085663061,0.8185033050885748,366.9129037266544,0.8992649017767038
,,397.87183513090406,0.81431065792437,371.3154832197047,0.7949791120370683,366.9095827166768,0.8840584715193158
,,398.2661008547401,0.8011165908817613,371.2557159465448,0.7810962339644437,366.90244445385144,0.851373385793666
,,399.05760823273243,0.788354816599601,372.13508885058786,0.8069620526881096,369.2889145892419,0.8677962545628455
,,399.054859810682,0.7757701846624525,373.6350478191099,0.7648340170079733,369.3011297983549,0.9237279520612838
,,400.3566193768403,0.7613339389202615,376.3421900972331,0.794784422793456,371.22661757340785,0.9076418678253984
,,401.43123331229003,0.745962009718079,376.10032895679615,0.7784251080122615,371.2804517449985,0.8943579213987813
,,404.14083008399433,0.7871511909696541,376.7427268040475,0.8103042909541082,371.3574686384559,0.883311175563807
,,403.81947847025475,0.7705124532800003,378.40096434465096,0.7655190284847302,371.66831008268787,0.851825348530846
,,406.60799694458746,0.8093767377752636,379.206824593351,0.818476998763235,373.65798950872517,0.8698807363722278
,,408.59039559702643,0.7940945034201805,380.971040871791,0.7960672934027302,376.0489640024761,0.9069284185939563
,,408.58768534750453,0.7816846580377145,380.78655651188643,0.7779218064962095,376.04621558042567,0.8943437866568078
,,408.5849369254541,0.7691000261005658,383.5644986509954,0.7683585629074082,376.0434671583753,0.8817591547196592
,,411.2830491102404,0.757702924510328,383.9715959430377,0.8139184135995133,376.03770310657507,0.8553663849625837
,,413.55403818557807,0.790898664435401,385.954887832643,0.8027261846240034,379.1614429102089,0.8704636822981463
,,413.35230400707724,0.7764269266552623,385.55438166385136,0.7873461457070973,379.5307490355099,0.8468963502384974
,,415.33488970490583,0.7620011464181238,388.33186573261867,0.7756854634621047,380.81381169721976,0.9027194065395999
,,418.5189048398762,0.7933076476374441,387.69353962173835,0.7624501796864042,380.8110632751693,0.8901347746024513
,,418.0618887870215,0.7789598499808303,390.1546730415445,0.809006048557982,383.5889036208691,0.8801054335344964
,,421.2995954010356,0.7963290359857915,390.3219777806454,0.7957217655898894,383.18821931361117,0.8639097240290715
,,421.1641592699956,0.7823465042429035,393.0997163329359,0.7852263270427811,383.8470008100853,0.8495752633864893
,,407.9406380242154,0.7019042788788206,392.41518473939414,0.7682490809796085,385.5788884271343,0.8995591138133392
,,407.4198151491185,0.7171307370781536,393.4119523468749,0.7601260354742252,385.9634193927579,0.8417909795955689
,,407.42283791682075,0.7309715585627773,395.40790224692364,0.8068930280314719,387.95793782298864,0.8820034763522174
,,296.3346134754552,0.8738615878987378,397.0797582187869,0.8244646168106655,387.9543648743231,0.8656434548339242
,,296.85573862732235,0.8600192118478672,397.66791824722486,0.7898446249474791,390.3444995724475,0.8988458328526352
,,238.14028967182895,0.8103663659228713,397.4659664853118,0.7743766038056494,390.65226176604887,0.8532605570752763
,,233.95224502036803,0.8339081989767065,398.54154836701935,0.763436762240062,390.3311773600086,0.8378453252684008
,,232.90425145799958,0.8352953902576625,399.1416336024183,0.8093988822043556,393.1224162632042,0.8891660648940456
,,220.32651504895694,0.8436371927383617,400.1518364857318,0.7473349665030673,392.72165561088934,0.8726207822792554
,,217.18162753154098,0.843646520135843,402.2357002637006,0.7925402707506684,395.10163641643857,0.8593299367523894
,,,,402.2329518416502,0.7799556388135196,394.700977557533,0.8432507516167529
,,,,402.939219963551,0.7405915864876977,397.69087902310446,0.8949787375890749
,,,,403.4211099630579,0.764920461425321,397.48925172768344,0.8809964021620476
,,,,405.12009286055877,0.7508326108973308,397.486503305633,0.868411770224899
,,,,407.0048003781167,0.8078024808879558,397.4793268702791,0.8355518979445664
,,,,407.0019221694695,0.7946235746648862,400.0859507015787,0.8497601493015636
,,,,406.99917374741904,0.7820389427277374,402.2580235583546,0.8947554479290645
,,,,408.0743193716583,0.7691015405372058,402.2544048026549,0.8781856825451521
,,,,409.773114133126,0.7541522419897084,402.25165638060446,0.8656010506080034
,,,,411.76791504006746,0.7956581592510084,402.6421358985825,0.8350704878282746
,,,,411.7651666180171,0.7830735273138596,404.82961900510503,0.8496004245359747
,,,,412.04091405730577,0.7467670216018094,407.0225353348476,0.8890083141935008
,,,,412.8401486457057,0.769387039888974,407.0197869127972,0.8764236822563523
,,,,416.2609934183116,0.7593765996758342,407.01703849074676,0.8638390503192036
,,,,416.81810347582825,0.7990689996271252,407.3278315831093,0.8321318269836449
,,,,416.5313121787289,0.7848072581187122,409.79459890457105,0.8525279411835762
,,,,418.11772428974814,0.7748397129211451,412.0073331386818,0.8816524897686547
,,,,418.85071863480186,0.753938047363075,411.86307151905754,0.8676699842012148
,,,,421.58500594324767,0.804268498116256,411.7754541144419,0.8301785038008257
,,,,421.29837388012436,0.7907358662359478,414.2621462233515,0.8508833486859383
,,,,422.37390122964837,0.7795463295922422,416.5531468650184,0.8847851673971707
,,,,422.0870183184808,0.764865100352591,416.55039844296795,0.8722005354600222
,,,,422.87925097451415,0.7554242706094008,416.6270946871861,0.8596855825657137
,,,,426.066657102431,0.8022576441030271,416.7015769247525,0.8370330094998133
,,,,427.14169366230317,0.7888208517562594,417.61808406449893,0.8251048465829443
,,,,426.8550725056166,0.7753381588915746,421.4989392852077,0.8825141617242196
,,,,426.79558879981107,0.7627536952251639,421.31455903219904,0.8648453654213786
,,,,430.88954012818533,0.8040011944402667,421.3118106101486,0.8522607334842299
,,,,431.90771925221134,0.7900052533892523,421.3090621880982,0.8396761015470813
,,,,431.6210653762145,0.7763727434776968,422.41744735949237,0.823068080745772
,,,,431.22128448546397,0.7643136490997605,426.08513260621436,0.886854336569415
,,,,436.22260445026717,0.803745669715922,426.08238418416397,0.8742697046322665
,,,,436.3898830139199,0.7903415331103327,426.0796357621135,0.8616850726951177
,,,,436.38713459186954,0.7777569011731842,426.0768873400631,0.8491004407579692
,,,,436.1636471618067,0.7647068261430845,426.0741389180127,0.8365158088208206
,,,,441.15749439972535,0.798787067614998,426.8647110690573,0.8194717639489362
,,,,441.15389091303706,0.7822872168529587,431.24739449494297,0.8838676525026725
,,,,441.15090391268365,0.7686101689490437,430.84715553385064,0.8697111194685447
,,,,441.5464190233768,0.7611368658411972,430.84440711180025,0.8571264875313961
,,,,445.9231093622915,0.7980912653097623,430.8416586897498,0.8445418555942474
,,,,445.92003647374895,0.7840209476578113,430.8389102676994,0.8319572236570989
,,,,445.9170113008671,0.7701691131992138,431.47118476039833,0.8174830122971148
,,,,450.06803692966656,0.7657354934915453,434.06784810660037,0.8091754411006812
,,,,450.6881670059417,0.7948435793061602,435.6169656572964,0.8882243595229289
,,,,450.6854185838913,0.7822589473690116,435.61421723524603,0.8756397275857803
,,,,454.65318571148487,0.7652928726131527,435.6114688131956,0.8630550956486316
,,,,455.453701806198,0.7937807252360909,435.6087203911452,0.850470463711483
,,,,455.45095338414757,0.7811960932989424,435.60597196909475,0.8378858317743344
,,,,458.62560988755274,0.7696507575285736,436.6813357220682,0.8259472098962748
,,,,459.4049020564321,0.700957285747975,438.976587147442,0.814367028060624
,,,,459.6625742581645,0.7897131914787108,440.38135528169835,0.881917908812381
,,,,459.2170550437916,0.7500728965613735,440.37860685964796,0.8693332768752324
,,,,459.01542774837054,0.7360905611343462,440.3758584375975,0.8567486449380838
,,,,459.0126793263201,0.7235059291971976,440.3731100155471,0.8441640130009351
,,,,458.61354736855367,0.7144182062488658,441.4484083299003,0.8319257570291338
,,,,464.17020782151747,0.6988457123498101,443.54373931719783,0.81417869571155
,,,,464.58712817755463,0.7893839697802427,444.3543329594292,0.8888101987706998
,,,,467.36498124743053,0.7794128908971821,445.3660512921233,0.8740959869083812
,,,,470.9221264861858,0.700748340233523,445.1420039983094,0.8584823757429363
,,,,269.6091151128237,0.9016225137465756,445.139255576259,0.8458977438057877
,,,,387.5257717935614,0.8251482181755996,446.2140412880869,0.831312354099677
,,,,,,448.3454009454287,0.8132190175242329
,,,,,,449.910516255787,0.8710528729381113
,,,,,,449.90776783373656,0.8584682410009628
,,,,,,449.90501941168617,0.8458836090638141
,,,,,,450.451970668731,0.8044225892398664
,,,,,,450.7527985498734,0.830999258346913
,,,,,,453.8706870502134,0.8193042738004113
,,,,,,454.6758983659293,0.8692908726493116
,,,,,,454.67314994387885,0.8567062407121631
,,,,,,454.67040152182847,0.8441216087750143
,,,,,,455.05922689690584,0.8060169619590387
,,,,,,455.7456343975614,0.8315837187094715
,,,,,,459.49683786466227,0.8621352904024246
,,,,,,459.43723418805297,0.849001497564154
,,,,,,459.4858441764606,0.81179676265383
,,,,,,459.3474218630498,0.8014597902695144
,,,,,,460.5122489350518,0.8354648271861391
,,,,,,460.30538436872354,0.8234800692111297
,,,,,,463.41133795537394,0.8610499908856102
,,,,,,464.20253995313834,0.8468899241659891
,,,,,,464.271998685957,0.8012354405038559
,,,,,,465.31053576474216,0.828499080506917
,,,,,,464.79108399721287,0.8140282850429099
,,,,,,467.6845082143089,0.7876968312730067
,,,,,,467.7761757241961,0.8437331651252217
,,,,,,470.1559179514423,0.8293499036315894
,,,,,,469.7555740158967,0.8147127075720846
,,,,,,469.7528255938463,0.8021280756349358
,,,,,,472.2413898917662,0.7900763044335019
,,,,,,474.9229891959699,0.8353222083874956
,,,,,,474.52255937223504,0.8202917425799547
,,,,,,474.5198109501847,0.8077071106428061
,,,,,,477.297295018952,0.7960464283978136
,,,,,,479.29252218579484,0.8395041288530694
,,,,,,479.2897737637444,0.8269194969159207
,,,,,,479.28702534169395,0.814334864978772
,,,,,,481.8263993571561,0.8034905600593971
,,,,,,482.7427625319382,0.7909032021362964
,,,,,,484.0577516058232,0.837042982345539
,,,,,,484.0550031837729,0.8244583504083904
,,,,,,486.8325635975971,0.8131472412727632
,,,,,,487.5099332977006,0.7973312004097679
,,,,,,487.22339939250764,0.7842480196700722
,,,,,,488.82252295550995,0.8324843971818174
,,,,,,491.599752540754,0.8196584712389408
,,,,,,492.2772022213934,0.804208649823852
,,,,,,491.99046109390304,0.7901766277873077
,,,,,,491.98794170702354,0.7786407151782547
,,,,,,496.14933030974726,0.8216576726452203
,,,,,,497.04283517958004,0.8035952468943952
,,,,,,496.8877165657608,0.7860837474710182
,,,,,,495.95876263689524,0.7756575647970055
,,,,,,500.67840860470255,0.8242592300353498
,,,,,,501.52656946817456,0.8111227448652749
,,,,,,501.5238210461242,0.7985381129281262
,,,,,,501.2371889830008,0.785005481047818
,,,,,,503.505070705456,0.777994803277096
,,,,,,505.50055871791017,0.822646878522683
,,,,,,506.57586793870007,0.8104585615665055
,,,,,,506.2891268112096,0.7964265395299612
,,,,,,507.8744090153857,0.7812853123137884
,,,,,,509.8577906104331,0.7705038317417827
,,,,,,511.05893693465543,0.8149397795843454
,,,,,,511.056188512605,0.8023551476471966
,,,,,,512.6420280356969,0.7897658041293902
,,,,,,514.2278102999961,0.7769142807795598
,,,,,,515.0194894543666,0.7649390459934714
,,,,,,515.8246244250255,0.8145760717330065
,,,,,,515.821876002975,0.8019914397958579
,,,,,,517.9376265663992,0.7911483912979916
,,,,,,519.3026252880696,0.7776275072080803
,,,,,,520.3151261575974,0.7664964197167554
,,,,,,520.5900828802248,0.8131636445535719
,,,,,,520.8256379189571,0.8006482205011978
,,,,,,523.9598010041528,0.7855373568048201
,,,,,,524.5519027278816,0.768965824578161
,,,,,,525.1567388071105,0.8107030869936239
,,,,,,525.7501689348301,0.8002141268699201
,,,,,,528.92471092065,0.7881444314355035
,,,,,,529.6023441929739,0.7735352501167455
,,,,,,529.3161702001922,0.7621000568926287
,,,,,,530.1209005420494,0.809884345152528
,,,,,,530.1184422312155,0.7986280910309673
,,,,,,534.267195727013,0.7837906988979857
,,,,,,534.0828501763029,0.7662807994630381
,,,,,,534.3194282387984,0.7584496550761579
,,,,,,534.887679766734,0.8145195327651122
,,,,,,534.8849313446835,0.8019349008279635
,,,,,,539.034042274157,0.7887341464342827
,,,,,,538.8496064974705,0.7708111151428125
,,,,,,538.8473161457619,0.7603239218618554
,,,,,,539.6519930460789,0.807863508945199
,,,,,,543.8021381040511,0.7993978812147383
,,,,,,543.6176606846062,0.7812841736817961
,,,,,,543.3309740892994,0.7675018467233699
,,,,,,544.6906904601241,0.758658602460285
,,,,,,548.3310081852146,0.8010460573975081
,,,,,,548.3848750761155,0.787911928017762
,,,,,,548.3821266540651,0.7753272960806135
,,,,,,549.2812215684578,0.7592442560153478
,,,,,,552.9829088214102,0.7992344546345604
,,,,,,553.150180841201,0.7858003546195971
,,,,,,553.1474324191505,0.7732157226824484
,,,,,,554.1184235558167,0.7557023966433859
,,,,,,557.9175479228242,0.7931272551742936
,,,,,,557.9147995007737,0.7805426232371449
,,,,,,557.9120510787233,0.7679579912999963
,,,,,,558.5707562301404,0.7532739575480487
,,,,,,560.6863922759792,0.7419065493861347
,,,,,,562.681861202169,0.7864712313543805
,,,,,,562.679204394187,0.7743060871484702
,,,,,,563.8670673147077,0.7579192270707258
,,,,,,565.1874805231157,0.7423010352018635
,,,,,,566.6416502713107,0.7329747666698541
,,,,,,567.4481594529949,0.7889041083779635
,,,,,,567.4454110309445,0.7763194764408148
,,,,,,568.5209165675951,0.7650300617658621
,,,,,,569.7654936860934,0.748546484653841
,,,,,,572.6101541340242,0.7846939184284425
,,,,,,572.4863987966984,0.737601763236858
,,,,,,573.2875965437057,0.7692108043362713
,,,,,,573.0008881355254,0.7553285993465979
,,,,,,576.9795344337352,0.7881766926752858
,,,,,,576.9691896785178,0.7408095363562959
,,,,,,578.0550617832594,0.7769871560315803
,,,,,,577.7682552171486,0.7626554999012944
,,,,,,577.7656594852122,0.7507700141828763
,,,,,,581.9144650344576,0.7361709673517345
,,,,,,582.5389814812779,0.7853636172680614
,,,,,,582.5362330592275,0.7727789853309128
,,,,,,582.5334846371771,0.7601943533937641
,,,,,,582.1337037464265,0.7481352590158279
,,,,,,583.5135833921152,0.7017253061145167
,,,,,,584.6697414828997,0.7220146092171918
,,,,,,585.3171781039101,0.7769656173771444
,,,,,,585.3144296818597,0.7643809854399957
,,,,,,585.3116812598092,0.7517963535028471
,,,,,,585.3089328377588,0.7392117215656985
